知了·IT,《知了》专题大到包罗IT业及互联网的大情小态，小到收罗便利的工具和应用...,2823,60.0K
小说的各种小说,感性和理性的事儿也很有意思。如果人们不在一个波段频率上，就不可避免地要...,38848,42.3K
每天写500字,喧嚣时代，如何才能安静码字。一起启航，自律写作训练营开启，加入请加...,113364,26.3K
你才不知道那些故事有多好听,故事，真的假的不重要，温暖的搞笑的惊悚的也都不重要，重要的是，爱看故事...,617,42.9K
简书电影院,每周五我们在简书会议室放电影，欢迎将与电影有关的文章投稿到此专题，作为...,73438,55.9K
我也爱写小说,每个写小说的孩纸都是多了一副翼的天使,43124,25.0K
简书市集,"出售各种酷炫的东西，快来关注吧

商业合作请邮件：contact@...",56,44.2K
成为更优秀的姑娘，过更美好的一生,专辑暂时停止收稿，改为找稿制，择良日重新再收。,3094,43.9K
读书笔记,"1.记录那些读书后的文字

2.建议投稿书友在标题或文章前面有标注/提...",1034,50.2K
爱情那点事儿,过去的爱情，现在的爱情，未来的爱情，都值得我们去记录,3327,32.9K
0岁的产品经理,"这是刚入门产品经理们的聚集地，欢迎大家投稿或者找我聊产品
服务过的公司...",9476,32.5K
互联网科技,"关注互联网、科技。
------------------------...",37463,37.7K
读书笔记,"读书的心得与思考

本专题将关闭投稿通道：http://www.j...",3286,44.2K
花非花诗集,"公告：野草诗会，简诗，花非花诗集，是极光视界旗下的一个诗会。

极...",83511,19.1K
投资理财,"**简书-投资理财   ①号群正式招募
**申请加入微信群请加个...",21743,35.0K
早点读到就好了,"If you're too old to change, don't ...",31,29.0K
有趣的历史小段子,只要有新意的原创稿，即写出没人写过的历史的稿。先秦、两汉、三国的，还有...,943,46.4K
iOS Developer,分享 iOS 开发的知识，解决大家遇到的问题，讨论iOS开发的前沿，欢...,25784,36.1K
生活着,"平凡生活中的点滴，比较倾向于原创文章，读后多少能给大家些启发或考虑。...",1113,19.3K
产品汪的不归路,重点关注：产品经理基础知识，实用产品方法论，工作中的实际项目经验。帮助...,606,32.0K
如何优雅,"思考如何优雅的生活，嬉笑怒骂皆可以。
这是简书最优雅的专题。",64,59.2K
诗,诗专题关闭投稿，开放时间不定。,723158,2629.2K
【电影截图】这句台词戳中我,那些值得记下的台词,19,43.4K
谈谈情，说说爱,柏拉图说每个恋爱中的人都是诗人，这里并不要求你一定要写得诗情画意，态度...,79071,1168.0K
摄影,"《摄影》专题介绍
用文字记录美好生活
用镜头捕捉精彩瞬间
摄影，发现生...",164612,2900.2K
手绘,"本专题是绘画爱好者的乐园，欢迎互相分享学习; 
关于专题投稿要求详见h...",170264,2372.6K
读书,"读书专题收录与读书有关的书评、读书笔记、阅读方法、读书清单等文章

文...",294578,5351.8K
@IT·互联网,"Hi，很高兴在@IT·互联网专题遇见你。
收录范围：收录IT&互联网行...",49739,2485.2K
故事,故事专题，不论是旅行生活中亲身经历的真实故事，还是童话玄幻遐想的虚构故...,187511,2270.6K
自然科普,自然科普专题收录与推荐标准请参考: https://www.jians...,9470,1930.0K
旅行·在路上,"邂逅一个国家，讲述一座城市，这里有你期待的诗与远方。

1.投稿请查看...",197099,3695.4K
简书电影,本专题收录电影相关文章。,91461,2918.2K
原创儿童文学,"自由的想象是空气，离开了它，鱼儿会窒息，草木会失色，心灵会枯萎……

...",11058,606.4K
婚姻育儿,"婚姻是细水长流，育儿是自我修行。

婚姻育儿专题投稿须知：
1、文章不...",205020,1175.0K
@产品,欢迎来到@产品专题，本专题汇集了30多万的小伙伴，每天有100篇优质文...,25761,1113.7K
短篇小说,"借一斑略知全豹，以一目尽传精神。

投稿须知：
1.本专题收录各种类型...",66753,3508.8K
美食,"美食不可辜负。看美食没有配图不幸福啊！请投稿的亲们配图啊！

详细过稿...",59787,2796.3K
程序员,如果你是程序员，或者有一颗喜欢写程序的心，喜欢分享技术干货、项目经验、...,113978,1552.9K
生活家,"每个人都是生活家 
1.生活家收录范围：美食、美妆护肤、穿搭、手工手账...",81741,2262.5K
诗,诗专题关闭投稿，开放时间不定。,723158,2629.2K
脱单,于千万人中遇见你所要遇见的人，投稿请参考：https://www.ji...,326,507.4K
漫画,"这！里！有！漫！画！

手稿规则：
1. 只收条慢、四格漫画、连载漫画...",4320,1217.3K
上班这点事儿,本专题仅收录求职、简历、换工作、职业规划、招聘、职场干货、上班感悟、管...,62317,1903.1K
连载小说,"本专题收录的作品类型：各种类别的小说、有特定主题的专栏文章。
投稿指南...",146173,1847.7K
向茶点故事投稿,"公告：
欢迎向茶点故事投稿你的故事！
投稿本专题，默认您已授权茶点故事...",98,282.5K
娱乐圈,在你心情压抑时，在你情绪低落时，在你无聊时，你都可以来这里。这里有你想...,28618,1312.9K
国学与传统文化,国学即中国固有的学术，而传统文化是指中国传统社会，中华民族的整体生活方...,83130,1763.6K
创业,本专题仅收录与创业相关的内容，如：创业者经历、大学生创客心得、电子商务...,13648,2105.6K
