,Ranking,University English Name,Country/Region,Academic Reputation,Employer Reputation,Faculty Student,International Faculty,International Students,Citations per Faculty,Overall Score,Free
0,1,Massachusetts Institute of Technology (MIT),United States,100.0,100.0,100.0,100,91.9,99.1,100.0,免费评估
1,2,Stanford University,United States,100.0,100.0,100.0,99.7,63.6,98.1,98.4,免费评估
2,3,Harvard University,United States,100.0,100.0,98.6,85.2,69.9,99.1,97.9,免费评估
3,4,California Institute of Technology (Caltech),United States,97.0,82.8,100.0,100,88.2,99.9,97.0,免费评估
4,5,牛津大学University of Oxford,United Kingdom,100.0,100.0,100.0,99.4,98.3,81.3,96.7,免费评估
5,6,ETH Zurich - Swiss Federal Institute of Technology,Switzerland,98.7,96.6,80.8,100,97.9,96.4,95.0,免费评估
6,7,剑桥大学University of Cambridge,United Kingdom,100.0,100.0,100.0,100,97.4,69.2,94.3,免费评估
7,8,帝国理工学院Imperial College London,United Kingdom,98.5,99.8,99.9,100,100,68.6,93.6,免费评估
8,9,University of Chicago,United States,99.4,91.3,94.4,67.1,82.6,86.3,93.1,免费评估
9,10,伦敦大学学院University College London,United Kingdom,99.4,98.3,98.4,99.3,100,65.4,92.9,免费评估
10,11,National University of Singapore (NUS),Singapore,99.7,98.4,90.7,100,71.4,72.9,91.5,免费评估
11,12,Princeton University,United States,99.9,99.0,68.6,71.6,65.6,100.0,91.0,免费评估
12,13,"Nanyang Technological University, Singapore (NTU)",Singapore,89.8,89.8,91.5,100,67.6,89.0,89.9,免费评估
13,14,EPFL,Switzerland,80.4,80.0,96.3,100,100,98.5,89.6,免费评估
14,15,Tsinghua University,China (Mainland),98.2,98.6,93.3,55.3,29.7,83.2,89.2,免费评估
15,16,University of Pennsylvania,United States,96.1,91.5,100.0,88.7,65.3,63.8,88.6,免费评估
16,17,Yale University,United States,99.9,100.0,100.0,85.3,54.5,52.8,88.0,免费评估
17,18,Cornell University,United States,98.5,90.9,63.7,93.7,70,88.6,87.6,免费评估
18,19,Columbia University,United States,99.7,97.3,100.0,37.2,96.3,48.5,86.5,免费评估
19,20,爱丁堡大学The University of Edinburgh,United Kingdom,98.0,95.4,83.1,98.2,99,50.2,85.8,免费评估
20,21,University of Michigan-Ann Arbor,United States,98.9,92.7,89.4,74.8,41.3,58.0,84.6,免费评估
21,22,The University of Hong Kong,Hong Kong SAR,98.1,76.3,83.8,100,98.9,48.0,83.7,免费评估
22,23,Peking University,China (Mainland),99.2,99.1,76.4,69.7,34.3,64.9,83.5,免费评估
23,24,The University of Tokyo,Japan,100.0,99.6,92.3,10.7,26.1,62.5,83.2,免费评估
24,25,Johns Hopkins University,United States,86.7,47.0,100.0,66.3,87.7,75.9,82.7,免费评估
25,25,University of Toronto,Canada,99.3,96.8,70.3,97.9,94.1,45.8,82.7,免费评估
26,27,The Hong Kong University of Science and Technology,Hong Kong SAR,85.2,63.6,66.7,100,88.9,92.1,82.1,免费评估
27,27,曼彻斯特大学The University of Manchester,United Kingdom,95.3,97.4,72.7,92.9,98.8,48.4,82.1,免费评估
28,29,Northwestern University,United States,85.1,74.4,99.7,57.9,45.3,72.3,81.5,免费评估
29,30,"University of California, Berkeley (UCB)",United States,100.0,99.9,21.3,94.9,39.7,96.9,80.8,免费评估
30,31,The Australian National University,Australia,95.6,77.6,40.1,100,99.6,77.8,80.0,免费评估
31,31,伦敦国王学院King's College London,United Kingdom,88.9,81.1,83.1,98.4,99.9,46.4,80.0,免费评估
32,31,McGill University,Canada,92.3,94.1,67.5,90.5,96.3,51.8,80.0,免费评估
33,34,Fudan University,China (Mainland),84.7,92.5,90.9,93.1,46.3,55.7,79.9,免费评估
34,35,New York University (NYU),United States,95.8,96.5,96.7,37.3,93,25.8,79.4,免费评估
35,36,"University of California, Los Angeles (UCLA)",United States,100.0,99.7,42.0,47.3,32.6,81.9,79.2,免费评估
36,37,Seoul National University,South Korea,97.9,95.9,87.9,18.6,11.6,53.7,79.0,免费评估
37,38,Kyoto University,Japan,98.6,96.9,95.0,16,19.8,42.6,78.9,免费评估
38,39,KAIST - Korea Advanced Institute of Science & Technology,South Korea,86.8,82.2,70.0,24.7,9.7,97.4,78.6,免费评估
39,40,The University of Sydney,Australia,97.4,95.3,21.4,100,100,69.6,77.1,免费评估
40,41,The University of Melbourne,Australia,99.1,97.3,18.8,97.4,100,65.4,76.5,免费评估
41,42,Duke University,United States,88.2,85.3,100.0,5.9,58,44.7,76.4,免费评估
42,43,The Chinese University of Hong Kong (CUHK),Hong Kong SAR,90.3,53.1,59.2,100,91.5,62.6,75.8,免费评估
43,44,The University of New South Wales (UNSW Sydney),Australia,91.1,94.9,16.7,100,99.2,78.4,75.4,免费评估
44,45,University of British Columbia,Canada,97.1,89.6,53.1,89.5,78.8,37.4,74.8,免费评估
45,46,The University of Queensland,Australia,89.0,78.2,23.8,100,99.9,79.6,74.5,免费评估
46,47,Shanghai Jiao Tong University,China (Mainland),82.5,90.9,60.4,64,30.2,75.4,74.4,免费评估
47,48,City University of Hong Kong,Hong Kong SAR,61.5,32.8,88.9,100,99,91.2,74.3,免费评估
48,49,The London School of Economics and Political Science (LSE),United Kingdom,75.8,99.6,41.9,100,100,74.0,73.9,免费评估
49,50,Technical University of Munich,Germany,83.8,98.5,89.7,63.4,84.7,22.4,73.6,免费评估
50,51,Carnegie Mellon University,United States,73.3,72.4,51.0,65.3,99.4,89.8,73.4,免费评估
51,52,Université PSL,France,75.5,97.5,100.0,64.5,68.4,31.6,73.3,免费评估
52,53,Zhejiang University,China (Mainland),69.3,91.1,90.0,98.1,74.2,40.0,71.9,免费评估
53,54,"University of California, San Diego (UCSD)",United States,91.9,50.4,61.3,59.9,64.3,52.7,71.2,免费评估
54,55,Monash University,Australia,90.0,88.7,14.1,100,100,64.2,70.9,免费评估
55,56,Tokyo Institute of Technology (Tokyo Tech),Japan,73.3,90.4,83.4,27.6,28,62.6,70.8,免费评估
56,57,Delft University of Technology,Netherlands,70.7,87.9,43.9,99.8,85.6,75.8,70.7,免费评估
57,58,布里斯托大学University of Bristol,United Kingdom,75.5,82.9,70.8,91.5,80.6,44.8,70.6,免费评估
58,59,Universiti Malaya (UM),Malaysia,74.1,84.6,82.1,68.7,44.5,47.7,70.1,免费评估
59,60,Brown University,United States,60.2,58.1,82.0,82.9,53.4,82.3,70.0,免费评估
60,61,University of Amsterdam,Netherlands,82.3,55.6,35.4,84.5,61.6,83.3,69.9,免费评估
61,61,Ecole Polytechnique,France,41.8,98.7,99.8,95.8,99,65.8,69.9,免费评估
62,62,华威大学The University of Warwick,United Kingdom,74.3,92.0,47.8,98.1,99.2,51.4,69.0,免费评估
63,63,Ludwig-Maximilians-Universität München,Germany,92.9,80.7,49.1,57.6,36.2,43.9,68.9,免费评估
64,64,Ruprecht-Karls-Universität Heidelberg,Germany,80.6,41.8,99.1,52.3,49.5,34.2,68.6,免费评估
65,65,University of Wisconsin-Madison,United States,85.6,49.5,72.7,34.7,27.6,54.9,68.2,免费评估
66,66,National Taiwan University (NTU),Taiwan,91.8,87.5,38.7,19.1,38.7,54.8,67.5,免费评估
67,66,Universidad de Buenos Aires (UBA),Argentina,88.3,90.8,77.9,60.4,71.8,2.5,67.5,免费评估
68,69,Korea University,South Korea,75.2,91.7,84.9,15,53.3,35.4,67.1,免费评估
69,69,University of Zurich,Switzerland,59.7,60.6,98.0,100,59.8,45.9,67.1,免费评估
70,71,University of Texas at Austin,United States,94.0,83.4,12.4,6.5,16.2,84.0,66.7,免费评估
71,72,Osaka University,Japan,80.1,79.6,78.9,20.3,14,41.3,66.1,免费评估
72,72,University of Washington,United States,85.9,49.0,13.7,39.7,39.5,98.8,66.1,免费评估
73,74,Lomonosov Moscow State University,Russia,77.3,82.8,99.8,20.1,76.8,7.4,65.9,免费评估
74,75,The Hong Kong Polytechnic University,Hong Kong SAR,66.3,40.8,78.0,100,80.2,51.0,65.8,免费评估
75,76,University of Copenhagen,Denmark,72.8,38.7,100.0,91.8,26.5,31.2,65.5,免费评估
76,77,Pohang University of Science And Technology (POSTECH),South Korea,43.0,54.6,99.9,33.8,3,98.7,64.6,免费评估
77,77,格拉斯哥大学University of Glasgow,United Kingdom,73.0,66.8,60.4,93.8,97.1,33.5,64.6,免费评估
78,79,Tohoku University,Japan,69.3,72.4,98.1,11.8,16.9,39.6,64.3,免费评估
79,80,Georgia Institute of Technology,United States,68.8,76.4,9.2,71,64.8,99.9,64.1,免费评估
80,81,The University of Auckland,New Zealand,84.9,55.9,25.4,97.6,94.5,47.0,64.0,免费评估
81,82,University of Illinois at Urbana-Champaign,United States,87.4,52.1,10.8,18.8,60.4,83.7,63.4,免费评估
82,83,Sorbonne University,France,90.1,47.4,38.9,34,57.1,49.3,63.3,免费评估
83,84,KU Leuven,Belgium,83.4,55.5,9.4,90.7,36.1,77.5,63.0,免费评估
84,85,Yonsei University,South Korea,68.3,87.7,85.1,12.1,45.3,31.0,62.5,免费评估
85,86,杜伦大学Durham University,United Kingdom,58.0,90.2,33.1,97.9,88.7,68.3,62.2,免费评估
86,87,伯明翰大学University of Birmingham,United Kingdom,64.4,72.6,52.5,93.4,87.9,45.4,62.0,免费评估
87,88,Sungkyunkwan University(SKKU),South Korea,60.2,75.6,84.9,20.1,39.3,47.7,61.5,免费评估
88,89,Rice University,United States,39.6,25.3,80.8,88.8,92,87.5,61.4,免费评估
89,90,南安普顿大学University of Southampton,United Kingdom,50.9,52.9,66.8,97.6,93.5,61.7,61.3,免费评估
90,91,利兹大学University of Leeds,United Kingdom,70.6,78.1,46.0,84.7,81.3,36.7,61.2,免费评估
91,92,The University of Western Australia,Australia,61.1,52.7,19.0,100,99.6,85.7,61.0,免费评估
92,93,谢菲尔德大学The University of Sheffield,United Kingdom,61.4,58.6,62.2,85.3,96,42.8,60.8,免费评估
93,93,University of Science and Technology of China,China (Mainland),53.9,19.9,77.7,24.1,6.1,99.2,60.8,免费评估
94,95,"University of North Carolina, Chapel Hill",United States,68.1,49.7,84.4,32.6,10.5,44.8,60.6,免费评估
95,96,圣安德鲁斯大学University of St Andrews,United Kingdom,46.0,61.1,67.6,98.4,99.8,60.2,60.3,免费评估
96,97,Lund University,Sweden,70.0,50.9,53.6,92.3,69,39.9,60.2,免费评估
97,98,KTH Royal Institute of Technology,Sweden,46.2,63.6,64.8,98.3,57.4,68.0,59.5,免费评估
98,99,诺丁汉大学University of Nottingham,United Kingdom,60.0,71.6,47.7,90.8,83.5,46.4,59.0,免费评估
99,100,Universidad Nacional Autónoma de México (UNAM),Mexico,93.3,90.9,52.9,9.9,3.6,4.0,58.8,免费评估
100,101,Pennsylvania State University,United States,74.9,75.3,29.9,15.9,36.9,59.7,58.4,免费评估
101,101,"Trinity College Dublin, The University of Dublin",Ireland,66.6,49.7,32.4,99.6,93.7,51.3,58.4,免费评估
102,103,Technical University of Denmark,Denmark,31.3,29.7,99.9,99.9,78.6,66.0,57.9,免费评估
103,104,University of Helsinki,Finland,65.3,45.9,67.5,61.4,5.7,48.4,57.6,免费评估
104,105,Washington University in St. Louis,United States,43.3,15.5,99.8,80,61.8,53.3,56.9,免费评估
105,106,The University of Adelaide,Australia,55.5,37.0,25.5,99.8,99.1,77.8,56.8,免费评估
106,106,University of Geneva,Switzerland,50.9,23.4,48.5,100,97.4,71.2,56.8,免费评估
107,108,The Ohio State University,United States,63.5,63.2,57.6,81.3,23.5,37.8,56.4,免费评估
108,109,Purdue University,United States,63.6,69.4,19.2,83.9,51.4,62.7,55.9,免费评估
109,110,Boston University,United States,62.0,53.4,42.4,30.9,88,54.3,55.8,免费评估
110,110,Nagoya University,Japan,58.7,52.3,90.0,14.8,20.4,35.0,55.8,免费评估
111,112,"University of California, Davis",United States,68.7,33.9,28.7,75.1,68.4,56.1,55.3,免费评估
112,113,University of Oslo,Norway,54.5,15.7,82.1,88.3,26.7,46.8,55.2,免费评估
113,114,University of Bern,Switzerland,30.2,38.7,70.9,100,42.7,86.7,54.9,免费评估
114,114,伦敦大学玛丽女王学院Queen Mary University of London,United Kingdom,52.6,40.9,58.4,99.7,99,40.4,55.1,免费评估
115,115,Universidade de São Paulo,Brazil,88.6,67.4,20.5,8.2,3.1,38.1,54.8,免费评估
116,115,Wageningen University & Research,Netherlands,40.0,22.2,96.9,45.5,79.8,53.1,54.8,免费评估
117,117,Humboldt-Universität zu Berlin,Germany,89.8,57.5,10.0,50,31.1,32.2,54.5,免费评估
118,118,Université de Montréal,Canada,55.1,53.6,66.8,88.8,59.7,29.1,54.3,免费评估
119,119,University of Alberta,Canada,54.6,37.7,50.5,91.2,79.9,47.2,54.0,免费评估
120,120,Eindhoven University of Technology,Netherlands,30.4,78.1,55.2,99.7,44.9,76.6,53.9,免费评估
121,121,Pontificia Universidad Católica de Chile (UC),Chile,87.7,96.4,24.2,18.6,3.9,14.1,53.8,免费评估
122,121,University of Southern California,United States,58.1,55.1,34.1,32,84.3,60.5,53.8,免费评估
123,121,Utrecht University,Netherlands,66.0,34.0,38.9,59.9,25,58.3,53.8,免费评估
124,124,Kyushu University,Japan,54.6,62.5,86.7,14.4,20.4,31.2,53.7,免费评估
125,124,Nanjing University,China (Mainland),59.7,23.4,28.0,71.4,9.5,87.6,53.7,免费评估
126,124,Uppsala University,Sweden,66.3,27.7,42.8,66.3,35.3,52.5,53.7,免费评估
127,127,Aalto University,Finland,43.4,43.0,53.6,93.2,35.4,72.5,53.6,免费评估
128,128,Leiden University,Netherlands,69.2,32.2,25.8,82.2,48.1,52.6,53.4,免费评估
129,128,University of Groningen,Netherlands,50.6,28.1,62.6,92,86.5,43.2,53.4,免费评估
130,130,Freie Universitaet Berlin,Germany,80.9,48.4,4.2,63.6,46.6,46.7,53.2,免费评估
131,131,"KIT, Karlsruhe Institute of Technology",Germany,46.2,85.0,27.4,60.1,60.5,70.3,52.9,免费评估
132,132,Universiti Putra Malaysia (UPM),Malaysia,50.5,52.8,76.1,58.1,86.5,22.3,52.7,免费评估
133,133,University of Technology Sydney,Australia,45.3,78.8,8.8,98.1,94.9,74.4,52.6,免费评估
134,135,兰卡斯特大学Lancaster University,United Kingdom,40.6,31.0,45.6,93.7,95.4,71.3,52.5,免费评估
135,135,Ghent University,Belgium,53.7,23.5,83.0,68.4,19.1,37.1,52.5,免费评估
136,137,Politecnico di Milano,Italy,67.0,82.6,5.3,46.4,49.6,55.9,52.4,免费评估
137,138,CentraleSupélec,France,15.6,99.9,89.1,65.6,86.1,51.9,52.3,免费评估
138,139,Chalmers University of Technology,Sweden,28.3,58.6,68.2,98.8,60.3,65.6,52.2,免费评估
139,139,Hokkaido University,Japan,54.0,60.0,80.0,17.9,16.2,32.7,52.2,免费评估
140,141,Universiti Kebangsaan Malaysia (UKM),Malaysia,53.8,55.7,93.3,31.2,40.8,11.9,52.0,免费评估
141,142,Universiti Sains Malaysia (USM),Malaysia,56.0,60.5,76.2,37.6,49.9,17.6,51.9,免费评估
142,143,King Abdulaziz University (KAU),Saudi Arabia,36.3,52.4,69.0,99,57,50.2,51.7,免费评估
143,144,McMaster University,Canada,40.7,47.6,81.4,99.3,48.1,32.4,51.5,免费评估
144,145,RWTH Aachen University,Germany,51.9,95.8,7.4,43.7,70.3,68.1,51.4,免费评估
145,146,Hanyang University,South Korea,46.5,78.3,77.1,23.1,31.9,31.9,51.3,免费评估
146,147,Aarhus University,Denmark,54.6,40.9,32.6,84.9,17,65.6,51.0,免费评估
147,148,Technische Universität Berlin (TU Berlin),Germany,54.1,75.0,50.3,38.2,74.4,28.2,50.8,免费评估
148,149,University of Basel,Switzerland,28.4,28.5,45.3,100,87.1,88.3,50.6,免费评估
149,150,University of Vienna,Austria,69.2,42.7,24.3,98.1,90.3,18.7,50.3,免费评估
150,150,约克大学The University of York,United Kingdom,42.6,41.4,58.4,89.5,69.9,45.7,50.3,免费评估
151,152,纽卡斯尔大学Newcastle University,United Kingdom,43.7,76.8,39.6,87.6,81.2,41.8,50.2,免费评估
152,152,"University of California, Santa Barbara (UCSB)",United States,60.0,19.3,11.4,55.3,29.4,87.1,50.2,免费评估
153,152,"University of Maryland, College Park",United States,53.1,31.5,49.9,27.5,22.5,65.0,50.2,免费评估
154,155,Tecnológico de Monterrey,Mexico,41.7,88.3,87.3,96.7,16.1,5.2,49.9,免费评估
155,156,University of Pittsburgh,United States,43.9,19.6,96.7,8.6,19.4,45.6,49.7,免费评估
156,157,Michigan State University,United States,61.5,65.6,15.4,62,26.9,52.9,49.6,免费评估
157,158,Emory University,United States,25.8,14.5,98.5,50.1,41.1,63.9,49.1,免费评估
158,159,卡迪夫大学Cardiff University,United Kingdom,47.4,39.4,48.0,81.7,77,38.9,48.5,免费评估
159,160,Alma Mater Studiorum - University of Bologna,Italy,79.6,46.4,4.7,12.1,11.9,46.3,48.2,免费评估
160,161,École Normale Supérieure de Lyon,France,33.3,10.1,94.6,53.7,18.9,54.7,48.1,免费评估
161,162,Case Western Reserve University,United States,19.7,18.7,86.5,55.3,74.5,67.8,47.4,免费评估
162,162,University of Florida,United States,49.7,51.9,75.3,20.6,12.9,26.8,47.4,免费评估
163,164,埃克塞特大学University of Exeter,United Kingdom,39.7,60.3,42.6,90.6,79.4,40.2,47.2,免费评估
164,165,Al-Farabi Kazakh National University,Kazakhstan,42.0,63.1,98.2,42,30.7,1.4,46.9,免费评估
165,166,University of Rochester,United States,25.5,11.3,99.9,63.5,92.9,37.1,46.8,免费评估
166,166,University of Waterloo,Canada,39.6,77.5,7.9,76.4,83.4,67.0,46.8,免费评估
167,168,National Tsing Hua University,Taiwan,49.5,58.1,34.8,19.4,18,58.3,46.4,免费评估
168,169,Texas A&M University,United States,60.7,59.9,8.1,25.2,19.1,59.2,46.2,免费评估
169,169,University of Lausanne,Switzerland,35.1,21.5,56.7,99.5,62,51.7,46.2,免费评估
170,171,Sapienza University of Rome,Italy,78.4,33.8,5.1,4.8,10.5,46.3,46.1,免费评估
171,172,Indian Institute of Technology Bombay (IITB),India,50.4,74.2,36.2,3.9,1.6,53.1,46.0,免费评估
172,173,Technische Universität Dresden,Germany,37.6,61.1,83.7,35.7,34.1,21.5,45.9,免费评估
173,173,巴斯大学University of Bath,United Kingdom,36.1,67.7,24.8,98.1,90.4,50.0,45.9,免费评估
174,175,Eberhard Karls Universität Tübingen,Germany,45.6,22.6,89.5,45.8,26,17.8,45.8,免费评估
175,175,Albert-Ludwigs-Universitaet Freiburg,Germany,52.0,18.7,35.7,62.4,43.9,51.8,45.8,免费评估
176,177,The Hebrew University of Jerusalem,Israel,37.4,29.5,79.8,65.4,9.9,39.2,45.7,免费评估
177,177,University College Dublin,Ireland,49.2,41.6,28.8,97.6,63.2,39.0,45.7,免费评估
178,177,University of Minnesota Twin Cities,United States,64.3,26.2,31.9,7.1,15,48.1,45.7,免费评估
179,180,Universidad de Chile,Chile,73.9,91.2,13.8,9.5,7.4,15.0,45.6,免费评估
180,181,Stockholm University,Sweden,55.1,15.6,29.0,87.5,41.5,46.9,45.5,免费评估
181,181,利物浦大学The University of Liverpool,United Kingdom,42.9,31.0,48.6,86.7,93.8,30.9,45.5,免费评估
182,183,Universitat de Barcelona,Spain,70.2,38.1,20.9,6.6,32.1,35.5,45.4,免费评估
183,184,University of Otago,New Zealand,53.0,36.5,17.6,100,59,43.5,45.3,免费评估
184,185,Indian Institute of Science,India,31.8,18.3,49.8,1.4,1.6,100.0,44.9,免费评估
185,186,King Fahd University of Petroleum & Minerals,Saudi Arabia,27.7,21.1,80.7,100,18.1,46.1,44.7,免费评估
186,187,Universiti Teknologi Malaysia,Malaysia,39.4,51.6,64.4,27.6,63.9,27.8,44.2,免费评估
187,187,Vanderbilt University,United States,26.9,24.7,100.0,23.5,31.5,39.7,44.2,免费评估
188,189,Université catholique de Louvain (UCLouvain),Belgium,50.2,37.2,7.6,87.2,39.9,60.9,44.1,免费评估
189,189,Waseda University,Japan,58.6,93.6,30.6,31,36.7,7.6,44.1,免费评估
190,191,Keio University,Japan,49.5,87.0,60.8,12.2,11.7,9.6,44.0,免费评估
191,191,Vienna University of Technology,Austria,32.3,52.7,10.2,75.2,86,77.5,44.0,免费评估
192,193,Indian Institute of Technology Delhi (IITD),India,44.3,64.5,28.4,2.3,1.5,67.8,43.9,免费评估
193,194,University of Bergen,Norway,33.6,8.2,77.9,87.3,8.8,42.4,43.4,免费评估
194,195,University of Göttingen,Germany,49.0,17.9,65.5,49.9,25,24.3,43.3,免费评估
195,196,University of Wollongong,Australia,31.3,34.5,19.2,91.8,86,71.0,43.2,免费评估
196,197,Erasmus University Rotterdam,Netherlands,34.0,63.7,32.4,82.2,59,46.7,43.1,免费评估
197,197,"The University of Newcastle, Australia (UON)",Australia,33.5,27.9,32.4,99.9,44.6,64.7,43.1,免费评估
198,197,University of Twente,Netherlands,20.8,40.4,36.8,96.1,86.5,69.8,43.1,免费评估
199,200,Universidad Autónoma de Madrid,Spain,57.1,55.4,42.3,8.8,12,23.3,42.8,免费评估
200,200,Vrije Universiteit Brussel (VUB),Belgium,24.7,18.9,87.3,88.2,62.1,29.1,42.8,免费评估
201,202,University of Gothenburg,Sweden,38.3,15.7,69.2,65.5,42.7,31.4,42.7,免费评估
202,203,Dartmouth College,United States,19.4,29.5,69.5,5.5,32.7,79.3,42.6,免费评估
203,203,Western University,Canada,29.8,63.7,7.4,95.6,51,76.1,42.6,免费评估
204,205,雷丁大学University of Reading,United Kingdom,33.4,34.3,28.6,93.2,86.4,53.0,42.3,免费评估
205,206,Complutense University of Madrid,Spain,66.4,63.5,23.3,3.2,21.3,14.2,41.9,免费评估
206,207,阿伯丁大学University of Aberdeen,United Kingdom,28.7,23.6,32.8,94.8,99,57.4,41.8,免费评估
207,208,Chulalongkorn University,Thailand,67.1,60.7,29.1,14.6,2.6,9.0,41.6,免费评估
208,209,英国女王大学Queen's University Belfast,United Kingdom,29.0,33.0,46.3,99.8,96.5,36.6,41.5,免费评估
209,210,"University of California, Irvine",United States,44.2,14.4,10.7,46.6,75.7,68.7,41.4,免费评估
210,211,Khalifa University of Science and Technology,United Arab Emirates,11.9,10.2,86.4,100,48.1,52.6,41.2,免费评估
211,211,University of Notre Dame,United States,29.2,47.5,68.2,29.3,19.8,42.3,41.2,免费评估
212,213,Universitat Autònoma de Barcelona,Spain,59.9,33.9,15.2,22.2,23.1,39.9,40.9,免费评估
213,214,Macquarie University,Australia,31.6,49.6,21.8,97.2,97.5,44.5,40.8,免费评估
214,214,Radboud University,Netherlands,31.8,16.7,40.2,59,23.2,70.2,40.8,免费评估
215,216,Università di Padova,Italy,59.4,35.6,11.1,10.9,5.9,49.9,40.6,免费评估
216,217,Curtin University,Australia,32.4,43.4,16.8,100,50.2,60.6,40.5,免费评估
217,217,Queensland University of Technology (QUT),Australia,43.2,45.6,8.7,97.8,41.8,48.5,40.5,免费评估
218,217,University of Virginia,United States,37.2,42.4,61.4,8.1,14.3,38.5,40.5,免费评估
219,220,American University of Beirut (AUB),Lebanon,27.7,64.0,59.7,84.4,64.6,16.5,40.4,免费评估
220,220,Arizona State University,United States,43.4,33.4,11.1,67.5,46.3,57.6,40.4,免费评估
221,220,University of Cape Town,South Africa,45.1,39.7,25.3,67.1,35.8,39.6,40.4,免费评估
222,223,RMIT University,Australia,37.6,60.2,9.8,100,94.3,35.0,40.0,免费评估
223,223,Victoria University of Wellington,New Zealand,48.4,31.8,12.3,99.6,54.3,35.2,40.0,免费评估
224,225,Saint Petersburg State University,Russia,41.2,29.2,83.3,5.9,36.8,7.2,39.9,免费评估
225,226,拉夫堡大学Loughborough University,United Kingdom,30.9,66.1,29.3,83.8,72.2,34.1,39.7,免费评估
226,227,Universidad de los Andes,Colombia,55.3,94.0,23.8,28.4,2.5,7.6,39.6,免费评估
227,228,Novosibirsk State University,Russia,28.8,21.3,94.7,9,47.2,18.9,39.4,免费评估
228,228,Universität Hamburg,Germany,48.7,17.7,26.1,45,22.9,46.4,39.4,免费评估
229,230,Georgetown University,United States,33.5,47.7,63.2,15.1,47.2,25.8,39.3,免费评估
230,230,Tel Aviv University,Israel,34.3,29.9,6.2,33.2,9.3,94.9,39.3,免费评估
231,230,University of Colorado Boulder,United States,36.9,17.6,44.5,24.1,11,59.7,39.3,免费评估
232,233,Universidade Estadual de Campinas (Unicamp),Brazil,62.3,29.6,16.5,8.8,3.7,35.6,39.2,免费评估
233,234,Maastricht University,Netherlands,21.8,30.5,20.0,97.1,100,65.0,38.9,免费评估
234,234,National Cheng Kung University (NCKU),Taiwan,41.0,60.9,35.8,17,23,35.0,38.9,免费评估
235,236,Kyung Hee University,South Korea,25.4,37.8,88.3,16.2,47.9,18.6,38.8,免费评估
236,236,Vrije Universiteit Amsterdam,Netherlands,41.7,18.3,43.1,37,23.6,41.9,38.8,免费评估
237,238,National University of Ireland Galway,Ireland,24.2,27.4,75.3,91.8,58.8,15.2,38.3,免费评估
238,238,University of Antwerp,Belgium,22.5,13.2,73.1,77.5,39.1,36.4,38.3,免费评估
239,240,National Chiao Tung University,Taiwan,29.7,64.9,40.7,30,21.4,44.5,38.2,免费评估
240,240,Rheinische Friedrich-Wilhelms-Universität Bonn,Germany,50.6,13.8,43.5,43.8,23.6,21.3,38.2,免费评估
241,242,Ecole des Ponts ParisTech,France,8.8,49.9,93.1,31.8,99.6,20.7,38.1,免费评估
242,242,Sciences Po,France,21.0,29.2,89.1,52,99.2,6.0,38.1,免费评估
243,242,莱斯特大学University of Leicester,United Kingdom,24.8,17.3,45.6,82.7,85.4,43.3,38.1,免费评估
244,245,Qatar University,Qatar,19.3,23.3,69.7,100,95.4,19.4,37.9,免费评估
245,246,Queen's University at Kingston,Canada,36.5,68.8,7.5,71,28.8,48.2,37.8,免费评估
246,246,University of Calgary,Canada,33.0,36.6,27.2,82.9,57.1,41.2,37.8,免费评估
247,246,萨塞克斯大学University of Sussex,United Kingdom,28.0,10.2,20.2,96.4,95.1,58.7,37.8,免费评估
248,246,Wuhan University,China (Mainland),38.2,53.7,16.8,48.6,8.5,53.4,37.8,免费评估
249,250,Tomsk State University,Russia,21.7,15.1,99.9,29.1,93.4,6.1,37.7,免费评估
250,250,Universite libre de Bruxelles,Belgium,33.0,50.0,6.8,87.2,88.7,45.8,37.7,免费评估
251,252,Mahidol University,Thailand,41.7,44.4,69.6,8.6,5.6,7.8,37.5,免费评估
252,252,University of Navarra,Spain,28.8,67.8,51.3,25,68.5,20.4,37.5,免费评估
253,254,Gadjah Mada University,Indonesia,44.9,43.2,59.9,48.7,2.2,1.7,37.4,免费评估
254,254,Universiti Brunei Darussalam (UBD),Brunei,18.3,10.5,95.4,100,63.9,7.9,37.4,免费评估
255,256,Tongji University,China (Mainland),34.4,8.5,22.4,88,28.4,60.6,37.2,免费评估
256,256,University of Illinois at Chicago (UIC),United States,44.7,29.3,40.4,10.3,21.1,32.8,37.2,免费评估
257,258,Rutgers University–New Brunswick,United States,38.9,35.5,55.1,24.6,42.3,16.3,37.0,免费评估
258,259,Universidad Nacional de Colombia,Colombia,60.8,93.2,7.0,8.2,1.3,5.6,36.9,免费评估
259,260,Charles University,Czech Republic,43.4,37.6,48.4,19,46.9,11.8,36.7,免费评估
260,260,Harbin Institute of Technology,China (Mainland),22.4,8.4,49.3,9.6,8.7,79.8,36.7,免费评估
261,260,Tufts University,United States,20.2,7.8,75.7,32.8,36,45.3,36.7,免费评估
262,263,Sun Yat-sen University,China (Mainland),35.4,33.7,57.5,9.7,6.3,31.9,36.4,免费评估
263,264,Hong Kong Baptist University,Hong Kong SAR,18.2,12.7,39.3,98.2,95.6,49.9,36.3,免费评估
264,265,Universität Innsbruck,Austria,20.6,13.8,66.1,99.3,99.5,15.8,36.2,免费评估
265,265,University of Tsukuba,Japan,34.6,17.6,68.9,15.5,27.3,22.5,36.2,免费评估
266,267,National Taiwan University of Science and Technology (Taiwan Tech),Taiwan,24.8,28.0,58.5,23.2,40.8,40.7,36.0,免费评估
267,267,Technical University of Darmstadt,Germany,20.3,62.2,5.9,53.4,68.7,70.6,36.0,免费评估
268,267,萨里大学University of Surrey,United Kingdom,23.4,31.6,22.4,97.1,95.4,45.8,36.0,免费评估
269,270,University of Canterbury,New Zealand,35.6,37.4,10.7,99.6,60.2,38.0,35.9,免费评估
270,270,University of Massachusetts Amherst,United States,41.2,16.1,16.4,35.2,25.6,56.2,35.9,免费评估
271,272,Massey University,New Zealand,29.3,24.5,29.3,98.7,97.6,28.8,35.8,免费评估
272,273,USI - Università della Svizzera italiana,Switzerland,4.7,5.2,86.1,100,100,29.1,35.6,免费评估
273,273,The University of Arizona,United States,41.3,18.5,52.0,24.6,15.6,23.2,35.6,免费评估
274,275,Deakin University,Australia,28.9,39.8,5.1,97.1,82.7,48.7,35.5,免费评估
275,275,Indian Institute of Technology Madras (IITM),India,34.1,50.1,31.5,2.6,1.5,50.9,35.5,免费评估
276,275,Graz University of Technology,Austria,13.5,9.2,96.1,70.6,55.7,17.3,35.5,免费评估
277,275,Université de Paris,France,43.1,7.2,20.7,17.2,19.6,56.8,35.5,免费评估
278,279,Beijing Normal University,China (Mainland),38.3,8.8,30.4,24.4,28.8,51.3,35.4,免费评估
279,279,University of Ottawa,Canada,25.3,38.8,5.7,94.9,58.6,62.0,35.4,免费评估
280,281,Moscow Institute of Physics and Technology (MIPT / Moscow Phystech),Russia,15.7,27.9,97.7,32,42.4,13.8,35.3,免费评估
281,282,Bauman Moscow State Technical University,Russia,21.6,48.9,100.0,11,11.5,1.5,35.2,免费评估
282,282,University of Cologne,Germany,39.2,42.9,27.3,57.4,37.4,23.9,35.2,免费评估
283,284,United Arab Emirates University,United Arab Emirates,23.5,35.3,61.6,100,40.8,12.8,35.1,免费评估
284,285,University of Tartu,Estonia,25.3,15.2,83.4,29.6,26,18.5,35.0,免费评估
285,286,University College Cork,Ireland,28.6,31.3,42.8,91.9,46.4,23.4,34.9,免费评估
286,287,King Saud University,Saudi Arabia,31.0,11.7,59.4,91.8,14.2,19.3,34.8,免费评估
287,287,Universitat Pompeu Fabra,Spain,31.4,28.7,12.7,63.6,22.6,61.4,34.8,免费评估
288,287,Université Paris 1 Panthéon-Sorbonne,France,60.1,41.3,5.7,32.7,56.9,3.8,34.8,免费评估
289,287,University of Turku,Finland,26.3,32.2,62.0,28.8,5.9,33.6,34.8,免费评估
290,291,Dalhousie University,Canada,18.8,20.5,19.7,100,81,59.4,34.6,免费评估
291,291,ENS Paris-Saclay,France,18.1,9.4,89.6,35.1,35.7,23.9,34.6,免费评估
292,291,Technion - Israel Institute of Technology,Israel,27.0,27.4,22.4,48.2,3.6,68.7,34.6,免费评估
293,291,University of Miami,United States,24.2,26.2,53.1,8,36.7,46.3,34.6,免费评估
294,295,Gwangju Institute of Science and Technology (GIST),South Korea,11.7,5.6,39.7,15.8,7.1,100.0,34.5,免费评估
295,295,North Carolina State University,United States,31.5,20.2,18.5,64.6,24.9,57.5,34.5,免费评估
296,295,University of South Australia,Australia,24.4,17.2,23.4,100,61.2,50.4,34.5,免费评估
297,298,HSE University (National Research University Higher School of Economics),Russia,26.1,32.8,94.0,8.1,17,2.2,34.4,免费评估
298,298,National Yang Ming University,Taiwan,14.8,15.2,99.9,5.6,6.5,30.9,34.4,免费评估
299,300,思克莱德大学University of Strathclyde,United Kingdom,26.4,50.2,22.4,93.5,73.7,28.2,34.3,免费评估
300,301,赫瑞瓦特大学Heriot Watt University,United Kingdom,15.7,32.9,25.0,100,94,48.5,34.2,免费评估
301,301,University of Milan,Italy,51.9,21.4,8.0,9.6,7.4,43.4,34.2,免费评估
302,303,Griffith University,Australia,28.9,22.8,12.4,99.5,40.3,52.9,34.1,免费评估
303,303,Xi’an Jiaotong University,China (Mainland),24.7,40.3,29.7,14.9,7.9,64.4,34.1,免费评估
304,305,Aalborg University,Denmark,17.9,36.6,41.2,67.3,27.5,50.2,34.0,免费评估
305,305,Universitas Indonesia,Indonesia,40.9,52.9,35.9,88.3,3.4,2.1,34.0,免费评估
306,305,Université Paris-Saclay,France,24.0,8.8,68.3,41,35.3,29.0,34.0,免费评估
307,307,Universität Mannheim,Germany,17.8,58.1,3.8,32.5,24.7,85.0,33.7,免费评估
308,308,Politecnico di Torino,Italy,37.5,52.7,3.1,4,35.6,52.1,33.5,免费评估
309,308,伦敦大学皇家霍洛威学院Royal Holloway University of London,United Kingdom,18.5,10.9,23.3,97.3,94.5,53.0,33.5,免费评估
310,308,University of Tasmania,Australia,19.8,8.8,19.1,83.6,98.1,58.1,33.5,免费评估
311,311,Universidad Carlos III de Madrid (UC3M),Spain,30.6,46.0,54.2,41.4,32.3,9.4,33.4,免费评估
312,311,Goethe-University Frankfurt am Main,Germany,48.0,37.9,23.8,5.2,31,18.1,33.4,免费评估
313,313,Bandung Institute of Technology (ITB),Indonesia,38.3,45.1,52.8,36.3,1.7,4.0,33.3,免费评估
314,314,Indian Institute of Technology Kharagpur (IIT-KGP),India,26.0,39.2,21.7,4.9,1.1,70.2,33.2,免费评估
315,314,National Research Nuclear University MEPhI (Moscow Engineering Physics Institute),Russia,9.2,13.6,97.7,49.6,82.7,9.1,33.2,免费评估
316,314,Universitat Politècnica de Catalunya · BarcelonaTech (UPC),Spain,33.7,32.3,50.6,11,26.3,21.6,33.2,免费评估
317,317,Belarusian State University,Belarus,19.1,35.9,97.6,4.6,30.4,1.7,33.0,免费评估
318,317,Friedrich-Alexander-Universität Erlangen-Nürnberg,Germany,22.5,17.4,2.7,28,23.5,94.6,33.0,免费评估
319,319,邓迪大学University of Dundee,United Kingdom,19.3,15.4,57.6,85.8,65.4,21.7,32.9,免费评估
320,320,Indiana University Bloomington,United States,38.8,24.2,30.6,42.9,19.2,26.4,32.6,免费评估
321,321,Hiroshima University,Japan,22.5,13.1,87.0,14.1,17.7,14.0,32.3,免费评估
322,321,University of Warsaw,Poland,43.6,48.9,37.3,8.5,10.5,6.7,32.3,免费评估
323,323,Simon Fraser University,Canada,23.8,19.8,6.2,93.8,90.2,49.8,32.1,免费评估
324,323,Southern University of Science and Technology,China (Mainland),5.5,1.0,96.7,48.4,1.7,38.6,32.1,免费评估
325,323,Universität Jena,Germany,19.5,2.4,99.6,-,25.4,13.4,32.1,免费评估
326,326,Jagiellonian University,Poland,34.9,45.9,55.4,4.3,11.3,6.5,31.9,免费评估
327,326,Pontificia Universidad Católica Argentina,Argentina,16.8,43.2,98.8,2.5,12.3,1.1,31.9,免费评估
328,326,RUDN University,Russia,14.7,26.0,87.9,11.5,95,1.7,31.9,免费评估
329,326,Universitat Politècnica de València,Spain,24.5,11.9,78.9,6.1,20.5,18.3,31.9,免费评估
330,326,Virginia Polytechnic Institute and State University,United States,29.3,31.5,27.2,56.9,25.2,36.6,31.9,免费评估
331,327,IE University,Spain,7.6,44.6,70.7,89.6,100,3.8,32.0,免费评估
332,331,National Taiwan Normal University,Taiwan,31.0,11.0,68.5,12.8,31.6,10.8,31.8,免费评估
333,331,Ural Federal University - UrFU,Russia,20.8,13.8,92.2,16.4,43.1,2.4,31.8,免费评估
334,333,Ewha Womans University,South Korea,21.7,20.1,80.3,8.6,30.4,14.0,31.7,免费评估
335,333,Umea University,Sweden,19.9,7.3,80.0,27.1,11.5,24.3,31.7,免费评估
336,333,Universität Stuttgart,Germany,24.9,46.7,5.0,43.2,51.5,55.7,31.7,免费评估
337,333,东英吉利大学University of East Anglia,United Kingdom,19.3,10.4,24.4,70.4,60.8,56.4,31.7,免费评估
338,333,University of Hawaiʻi at Mānoa,United States,16.6,11.4,54.9,56.4,17.7,45.2,31.7,免费评估
339,333,University of Jyväskylä,Finland,17.2,8.5,86.3,36.5,5.2,22.0,31.7,免费评估
340,333,University of Utah,United States,17.0,8.5,68.5,33,10.1,40.1,31.7,免费评估
341,341,Yeshiva University,United States,2.8,3.8,97.0,-,10.6,49.8,31.6,免费评估
342,342,Université Grenoble Alpes,France,43.6,12.0,11.8,26.4,30.8,37.4,31.5,免费评估
343,342,"University of Chemistry and Technology, Prague",Czech Republic,6.4,8.1,99.4,23.9,63.7,18.5,31.5,免费评估
344,344,"伦敦大学伯克贝克学院Birkbeck, University Of London",United Kingdom,13.6,4.2,14.5,97.8,98,63.4,31.4,免费评估
345,344,University Ulm,Germany,7.9,5.2,82.3,44.5,24.1,38.2,31.4,免费评估
346,346,伦敦大学亚非学院SOAS University of London,United Kingdom,21.3,10.3,35.4,100,100,21.4,31.1,免费评估
347,346,University at Buffalo SUNY,United States,20.0,11.3,7.3,82.3,43.4,70.0,31.1,免费评估
348,348,American University of Sharjah,United Arab Emirates,19.4,31.7,34.4,100,100,15.2,31.0,免费评估
349,348,Moscow State Institute of International Relations (MGIMO University),Russia,11.7,24.9,100.0,15.7,51.5,1.4,31.0,免费评估
350,350,伦敦城市大学City University London,United Kingdom,19.3,21.4,10.0,94.8,99.6,45.5,30.9,免费评估
351,350,Indian Institute of Technology Kanpur (IITK),India,29.0,35.0,17.4,1.5,1.2,60.1,30.9,免费评估
352,350,Universiti Teknologi Brunei,Brunei,11.5,9.1,91.5,99.3,7.6,7.8,30.9,免费评估
353,353,George Washington University,United States,27.2,26.2,31.6,36.6,44.1,33.6,30.8,免费评估
354,353,University of Southern Denmark (SDU),Denmark,19.6,20.3,36.1,85.4,26.4,39.9,30.8,免费评估
355,355,National University of Sciences And Technology (NUST) Islamabad,Pakistan,17.0,54.1,77.8,3.3,5,10.6,30.5,免费评估
356,356,Westfälische Wilhelms-Universität Münster,Germany,35.0,28.7,38.1,29.3,7.8,19.1,30.3,免费评估
357,357,L.N. Gumilyov Eurasian National University (ENU),Kazakhstan,17.9,16.1,96.9,25.3,6.1,1.5,30.2,免费评估
358,357,University of Lisbon,Portugal,38.6,21.5,12.9,7.3,37.9,38.1,30.2,免费评估
359,357,University of Porto,Portugal,37.0,22.5,14.1,5.3,18.1,44.8,30.2,免费评估
360,360,ITMO University,Russia,11.9,16.1,91.2,24.9,50.7,7.7,30.1,免费评估
361,360,Norwegian University of Science And Technology,Norway,30.9,22.6,28.6,72.7,10.8,26.8,30.1,免费评估
362,362,Johannes Kepler University Linz,Austria,11.3,21.0,66.9,77.7,23.3,23.9,30.0,免费评估
363,362,Linköping University,Sweden,20.4,22.2,27.8,63.9,15.6,49.7,30.0,免费评估
364,362,Northeastern University,United States,20.1,12.9,23.1,76.3,95.1,36.5,30.0,免费评估
365,362,Tokyo Medical and Dental University (TMDU),Japan,11.0,5.4,100.0,2.8,15.3,20.1,30.0,免费评估
366,367,University of Macau,Macau SAR,11.2,6.2,22.4,100,96.2,51.8,29.9,免费评估
367,368,布鲁内尔大学Brunel University,United Kingdom,10.7,16.1,13.1,99.6,98.1,55.6,29.7,免费评估
368,368,Tilburg University,Netherlands,15.1,37.5,13.9,89,42.5,52.1,29.7,免费评估
369,370,Kazan (Volga region) Federal University,Russia,18.2,7.5,82.7,9.2,69,4.3,29.5,免费评估
370,370,University of Victoria (UVic),Canada,16.5,11.4,4.0,91.9,65.3,64.5,29.5,免费评估
371,372,Swinburne University of Technology,Australia,14.8,17.9,17.6,98.1,91.7,42.3,29.4,免费评估
372,373,Pakistan Institute of Engineering and Applied Sciences (PIEAS),Pakistan,5.3,6.4,95.3,-,-,35.9,29.2,免费评估
373,373,"Stony Brook University, State University of New York",United States,20.9,8.6,33.2,48.7,72,35.9,29.2,免费评估
374,375,Sultan Qaboos University,Oman,13.2,13.1,73.0,100,3.8,12.6,29.1,免费评估
375,375,University of Waikato,New Zealand,19.6,16.1,10.7,96.8,85.3,41.4,29.1,免费评估
376,377,Nankai University,China (Mainland),23.6,4.9,29.4,18.3,6.8,59.0,29.0,免费评估
377,377,Universidad de Palermo (UP),Argentina,8.9,10.1,87.6,32.1,97.1,1.2,29.0,免费评估
378,379,Taylor's University,Malaysia,16.4,60.7,41.3,52,86.1,4.5,28.9,免费评估
379,380,Universidade Federal do Rio de Janeiro,Brazil,51.3,20.2,16.0,5.9,1.9,12.7,28.8,免费评估
380,380,肯特大学University of Kent,United Kingdom,20.7,10.0,20.5,97.8,59.4,37.1,28.8,免费评估
381,380,Wake Forest University,United States,6.7,7.6,100.0,8.2,16.3,19.6,28.8,免费评估
382,383,Indian Institute of Technology Roorkee (IITR),India,13.8,19.0,11.7,1.1,2.7,92.7,28.7,免费评估
383,383,牛津布鲁克斯大学Oxford Brookes University,United Kingdom,27.1,57.0,14.1,64.4,65.9,13.1,28.7,免费评估
384,383,University of Pisa,Italy,42.6,18.1,9.5,5.9,4.9,36.2,28.7,免费评估
385,383,University of Kansas,United States,15.9,14.7,76.5,32.7,11.8,16.0,28.7,免费评估
386,387,Lincoln University,New Zealand,8.6,7.8,43.3,96.8,99.5,28.8,28.6,免费评估
387,387,Shanghai University,China (Mainland),24.5,8.7,56.5,45.8,6,19.3,28.6,免费评估
388,387,Taipei Medical University (TMU),Taiwan,9.9,12.0,84.8,20,17.1,22.4,28.6,免费评估
389,387,Tianjin University,China (Mainland),18.3,3.9,22.8,8.3,4.4,77.5,28.6,免费评估
390,391,UCSI University,Malaysia,15.1,44.7,55.2,37,81.3,4.4,28.5,免费评估
391,392,Beijing Institute of Technology,China (Mainland),20.7,12.5,40.6,5,8.4,49.7,28.4,免费评估
392,392,HUFS - Hankuk (Korea) University of Foreign Studies,South Korea,12.2,26.7,81.6,37.1,41.9,2.2,28.4,免费评估
393,392,University of Naples - Federico II,Italy,33.9,13.9,5.9,2.8,1.1,59.7,28.4,免费评估
394,392,Università Vita-Salute San Raffaele,Italy,3.9,1.6,99.6,2.6,4,31.3,28.4,免费评估
395,396,Huazhong University of Science and Technology,China (Mainland),20.0,31.7,16.2,12.6,5.5,63.8,28.2,免费评估
396,396,University of the Philippines,Philippines,34.1,40.8,48.4,1.4,1.4,2.4,28.2,免费评估
397,398,La Trobe University,Australia,20.0,22.4,7.8,96.4,96.8,32.6,28.1,免费评估
398,398,Université de Strasbourg,France,42.8,6.7,6.8,40.5,40.8,23.4,28.1,免费评估
399,398,"University of Colorado, Denver",United States,8.6,6.5,100.0,4.3,10.9,15.4,28.1,免费评估
400,401,Peter the Great St. Petersburg Polytechnic University,Russia,11.4,9.8,81.4,18,84.9,4.3,28.0,免费评估
401,401,National Research Tomsk Polytechnic University,Russia,10.1,11.9,83.4,11,80,6.9,28.0,免费评估
402,403,Chung-Ang University (CAU),South Korea,13.6,28.4,74.4,14.8,28.4,11.9,27.9,免费评估
403,403,Johannes Gutenberg Universität Mainz,Germany,22.0,14.2,53.4,32.8,20.1,20.8,27.9,免费评估
404,403,Kobe University,Japan,24.4,34.8,52.8,7.2,9.7,15.5,27.9,免费评估
405,403,University of Trento,Italy,27.5,11.8,15.7,24.4,6,54.7,27.9,免费评估
406,403,University of Witwatersrand,South Africa,25.2,28.8,12.6,82.6,10.2,38.2,27.9,免费评估
407,408,University of Oulu,Finland,16.5,16.9,31.8,52,8.1,49.4,27.7,免费评估
408,409,Sharif University of Technology,"Iran, Islamic Republic of",11.9,27.4,9.8,4.5,2.7,87.9,27.6,免费评估
409,409,Tampere University,Finland,25.6,23.4,26.0,31.3,7.1,38.7,27.6,免费评估
410,411,The American University in Cairo,Egypt,24.6,28.4,43.5,93.1,3.1,5.8,27.5,免费评估
411,411,埃塞克斯大学University of Essex,United Kingdom,18.7,9.0,11.2,99.6,99.2,33.9,27.5,免费评估
412,411,Washington State University,United States,27.9,19.0,15.7,61.3,9.2,38.0,27.5,免费评估
413,414,Bond University,Australia,4.4,8.2,52.7,98.3,98.9,21.5,27.4,免费评估
414,414,Tulane University,United States,10.7,5.7,86.6,14.7,20,16.5,27.4,免费评估
415,416,伦敦大学金史密斯学院Goldsmiths University of London,United Kingdom,20.0,8.7,18.3,86.7,96.4,26.7,27.2,免费评估
416,416,National Sun Yat-sen University,Taiwan,25.0,18.2,33.8,15.6,10.2,36.1,27.2,免费评估
417,416,"University of California, Santa Cruz",United States,19.9,4.5,7.9,55.8,14.8,67.8,27.2,免费评估
418,416,University of Tromsø The Arctic University of Norway,Norway,13.2,2.3,75.3,72.5,8.9,12.1,27.2,免费评估
419,420,Université Laval,Canada,20.1,23.5,29.1,69.1,29.8,28.9,27.1,免费评估
420,420,Universidade Federal de São Paulo,Brazil,11.4,4.6,96.9,6.2,1.7,10.8,27.1,免费评估
421,420,University of Iowa,United States,21.9,11.6,46.2,18.6,12,31.3,27.1,免费评估
422,423,Flinders University,Australia,14.1,8.0,6.0,96.7,95.6,47.8,27.0,免费评估
423,423,Vilnius University,Lithuania,19.6,21.6,74.6,10.9,4.9,5.9,27.0,免费评估
424,425,University of Bordeaux,France,32.0,5.2,34.5,49.6,37.8,10.7,26.9,免费评估
425,426,Illinois Institute of Technology,United States,16.2,6.1,15.5,23,99.6,51.4,26.8,免费评估
426,426,Pontificia Universidad Javeriana,Colombia,34.5,81.0,19.4,5.1,1.9,2.6,26.8,免费评估
427,428,The National University of Science and Technology MISIS,Russia,9.1,14.4,73.8,15.7,75.9,10.1,26.6,免费评估
428,428,Universidade Nova de Lisboa,Portugal,26.2,25.9,27.2,25.6,47.1,21.6,26.6,免费评估
429,428,University of St.Gallen (HSG),Switzerland,9.5,59.8,8.3,100,83,29.4,26.6,免费评估
430,431,University of Coimbra,Portugal,28.6,12.6,16.0,10,50.4,37.1,26.5,免费评估
431,432,Czech Technical University in Prague,Czech Republic,18.4,38.9,49.5,24.4,48.1,7.5,26.4,免费评估
432,432,Pontificia Universidad Católica del Perú,Peru,36.6,62.7,23.4,4.6,1.7,1.9,26.4,免费评估
433,432,University of Florence,Italy,34.4,6.5,7.5,8.5,21.2,44.4,26.4,免费评估
434,432,"The University of Tennessee, Knoxville",United States,11.5,30.5,16.2,5.5,3.5,74.4,26.4,免费评估
435,432,Xiamen University,China (Mainland),25.9,7.0,25.3,6.6,4.1,48.1,26.4,免费评估
436,437,Auckland University of Technology (AUT),New Zealand,20.4,21.6,13.5,100,100,15.1,26.2,免费评估
437,437,Julius-Maximilians-Universität Würzburg,Germany,15.8,5.1,5.9,47.4,11.1,75.4,26.2,免费评估
438,439,Dublin City University,Ireland,17.7,28.4,35.9,68.5,45,15.5,26.0,免费评估
439,439,Ruhr-Universität Bochum,Germany,22.6,14.7,2.2,27.4,32.3,59.8,26.0,免费评估
440,439,Universiti Teknologi PETRONAS (UTP),Malaysia,15.0,29.8,32.5,83,22.5,25.6,26.0,免费评估
441,439,University of Johannesburg,South Africa,12.9,19.7,43.2,86.8,49,16.6,26.0,免费评估
442,443,Colorado State University,United States,18.3,16.8,54.3,24.8,6.8,21.3,25.9,免费评估
443,443,Universidad Austral,Argentina,13.4,35.3,79.5,6,5.4,2.1,25.9,免费评估
444,443,Universität Konstanz,Germany,23.5,7.3,33.9,63.9,24.1,22.4,25.9,免费评估
445,446,Ben-Gurion University of The Negev,Israel,15.5,15.3,15.5,67.6,18.8,52.5,25.8,免费评估
446,446,Brandeis University,United States,11.6,6.2,47.5,16.8,80.5,30.3,25.8,免费评估
447,446,University of Science and Technology Beijing,China (Mainland),18.1,4.3,14.3,4,3.6,73.7,25.8,免费评估
448,449,Beihang University (former BUAA),China (Mainland),15.0,4.9,27.4,9,5.9,64.3,25.7,免费评估
449,449,"University of California, Riverside",United States,17.5,7.1,11.7,69.2,10.4,57.6,25.7,免费评估
450,451,Universidad Politécnica de Madrid,Spain,28.4,53.5,21.5,3.4,34.5,12.5,25.6,免费评估
451,451,Universität des Saarlandes,Germany,11.6,5.3,74.6,15.9,42.9,12.0,25.6,免费评估
452,451,Université de Liège,Belgium,18.3,19.9,22.7,47.9,53.8,32.8,25.6,免费评估
453,454,Boston College,United States,22.6,19.7,37.0,22.7,19.5,24.1,25.5,免费评估
454,454,Quaid-i-Azam University,Pakistan,13.7,22.7,2.4,3.2,1.5,84.5,25.5,免费评估
455,456,Dongguk University,South Korea,9.9,8.7,81.1,11.5,29.3,10.7,25.4,免费评估
456,456,Florida State University,United States,26.8,46.6,12.9,15.7,4.8,31.3,25.4,免费评估
457,456,Hasselt University,Belgium,3.8,3.4,74.0,60.2,25.3,21.5,25.4,免费评估
458,456,Stellenbosch University,South Africa,25.3,26.9,3.9,25.1,10,49.6,25.4,免费评估
459,456,The Catholic University of Korea,South Korea,5.0,2.4,96.2,2.6,4.7,16.9,25.4,免费评估
460,456,University of Canberra,Australia,15.0,12.0,4.0,98.2,78.4,41.9,25.4,免费评估
461,462,James Cook University,Australia,14.2,11.0,8.1,90,51.6,48.5,25.3,免费评估
462,462,South China University of Technology,China (Mainland),12.6,3.3,18.8,13.6,5.2,75.6,25.3,免费评估
463,462,Universidad ORT Uruguay,Uruguay,9.8,16.8,89.9,24.3,2,1.4,25.3,免费评估
464,465,Koç University,Turkey,16.6,30.7,47.5,32.8,6.8,19.5,25.2,免费评估
465,465,National Central University,Taiwan,21.3,18.2,32.8,15.4,22.1,31.4,25.2,免费评估
466,465,Universidad de Belgrano,Argentina,6.5,18.2,91.0,7,36.5,1.1,25.2,免费评估
467,465,University of Saskatchewan,Canada,11.7,8.9,26.5,76.6,51.3,38.7,25.2,免费评估
468,465,Yokohama City University,Japan,6.0,2.4,99.9,4.5,2.5,10.2,25.2,免费评估
469,470,Indian Institute of Technology Guwahati (IITG),India,11.9,15.0,15.9,-,1.4,77.2,25.1,免费评估
470,470,Lappeenranta-Lahti University of Technology LUT,Finland,7.0,15.4,20.4,47.6,25.5,64.3,25.1,免费评估
471,470,Martin-Luther-Universität Halle-Wittenberg,Germany,13.5,5.0,84.1,-,11.5,8.1,25.1,免费评估
472,470,Rensselaer Polytechnic Institute,United States,9.6,7.6,24.9,14.7,52.4,60.3,25.1,免费评估
473,474,斯旺西大学Swansea University,United Kingdom,13.5,14.0,35.1,72.8,53.8,23.5,25.0,免费评估
474,474,Umm Al-Qura University,Saudi Arabia,12.8,7.7,62.4,100,20.5,2.3,25.0,免费评估
475,474,Western Sydney University,Australia,19.0,24.4,7.7,100,59.1,26.4,25.0,免费评估
476,477,Amirkabir University of Technology,"Iran, Islamic Republic of",5.0,18.3,5.6,8.2,2.4,96.0,24.8,免费评估
477,477,Concordia University,Canada,14.7,33.8,4.2,79.6,91.2,30.3,24.8,免费评估
478,477,National Technical University of Athens,Greece,18.5,37.2,7.2,1.5,6.8,58.3,24.8,免费评估
479,477,University of Cyprus (UCY),Cyprus,9.3,3.2,6.5,78.7,25.5,70.7,24.8,免费评估
480,477,V. N. Karazin Kharkiv National University,Ukraine,11.2,15.9,72.9,1.4,70.9,1.9,24.8,免费评估
481,477,Wayne State University,United States,10.2,5.3,73.5,16.2,9,20.4,24.8,免费评估
482,483,Universität Leipzig,Germany,25.0,7.2,53.3,-,18.2,11.2,24.7,免费评估
483,483,"University of Missouri, Columbia",United States,17.0,14.5,46.0,46.2,5.5,22.5,24.7,免费评估
484,485,亚伯大学Aberystwyth University,United Kingdom,9.6,5.7,25.6,57.1,57.6,46.1,24.6,免费评估
485,485,Shandong University,China (Mainland),15.5,18.6,20.9,10,4.6,57.4,24.6,免费评估
486,485,斯特林大学University of Stirling,United Kingdom,11.1,13.7,19.2,71.4,69.7,38.6,24.6,免费评估
487,488,Chiba University,Japan,15.0,6.1,70.0,6.9,5.9,15.7,24.5,免费评估
488,488,National Taipei University of Technology,Taiwan,12.7,33.1,34.6,24.9,21.1,33.5,24.5,免费评估
489,490,Auezov South Kazakhstan State University (SKSU),Kazakhstan,8.1,7.5,88.9,21.4,23.8,1.0,24.4,免费评估
490,490,Sogang University,South Korea,17.8,40.6,43.3,10.1,27.5,12.9,24.4,免费评估
491,492,Universidad de Montevideo (UM),Uruguay,12.7,16.5,79.9,20.6,3.6,1.2,24.3,免费评估
492,493,Chang Gung University,Taiwan,4.7,4.2,59.6,3.1,7,46.6,24.2,免费评估
493,493,Far Eastern Federal University,Russia,6.3,3.1,85.4,18.7,56,2.3,24.2,免费评估
494,493,Jilin University,China (Mainland),14.9,23.1,49.9,12.4,3.2,25.2,24.2,免费评估
495,493,Southeast University,China (Mainland),12.2,3.9,35.8,9.9,4.8,54.3,24.2,免费评估
496,493,UNESP,Brazil,30.8,16.9,32.0,5.3,2.1,16.2,24.2,免费评估
497,498,Universidad de La Habana,Cuba,16.0,25.8,70.5,2.4,5.5,2.4,24.1,免费评估
498,499,Oregon State University,United States,17.8,7.3,31.5,32.6,18.7,35.0,23.9,免费评估
499,499,Universidad de Alcalá,Spain,9.8,13.2,58.6,22.4,70.6,10.6,23.9,免费评估
500,499,University of Eastern Finland,Finland,14.7,9.0,42.9,25.8,7.3,33.5,23.9,免费评估
