,排名,上年排名,公司名称(中英文),营业收入(百万美元),利润(百万美元),国家
0,1,1,沃尔玛（WALMART),500343.0,9862,美国
1,2,2,国家电网公司（STATE GRID),348903.1,9533.4,中国
2,3,3,中国石油化工集团公司（SINOPEC GROUP),326953.0,1537.8,中国
3,4,4,中国石油天然气集团公司（CHINA NATIONAL PETROLEUM),326007.6,-690.5,中国
4,5,7,荷兰皇家壳牌石油公司（ROYAL DUTCH SHELL),311870.0,12977,荷兰
5,6,5,丰田汽车公司（TOYOTA MOTOR),265172.0,22510.1,日本
6,7,6,大众公司（VOLKSWAGEN),260028.4,13107.3,德国
7,8,12,英国石油公司（BP),244582.0,3389,英国
8,9,10,埃克森美孚（EXXON MOBIL),244363.0,19710,美国
9,10,8,伯克希尔－哈撒韦公司（BERKSHIRE HATHAWAY),242137.0,44940,美国
10,11,9,苹果公司（APPLE),229234.0,48351,美国
11,12,15,三星电子（SAMSUNG ELECTRONICS),211940.2,36575.4,韩国
12,13,11,麦克森公司（MCKESSON),208357.0,67,美国
13,14,16,嘉能可（GLENCORE),205476.0,5777,瑞士
14,15,13,联合健康集团（UNITEDHEALTH GROUP),201159.0,10558,美国
15,16,17,戴姆勒股份公司（DAIMLER),185235.4,11863.9,德国
16,17,14,CVS Health公司（CVS HEALTH),184765.0,6622,美国
17,18,26,亚马逊（AMAZON.COM),177866.0,3033,美国
18,19,20,EXOR集团（EXOR GROUP),161676.5,1569.1,荷兰
19,20,19,美国电话电报公司（AT&T),160546.0,29450,美国
20,21,18,通用汽车公司（GENERAL MOTORS),157311.0,-3864,美国
21,22,21,福特汽车公司（FORD MOTOR),156776.0,7602,美国
22,23,24,中国建筑工程总公司（CHINA STATE CONSTRUCTION ENGINEERING),156070.8,2675.2,中国
23,24,27,鸿海精密工业股份有限公司（HON HAI PRECISION INDUSTRY),154699.2,4559.9,中国
24,25,23,美源伯根公司（AMERISOURCEBERGEN),153143.8,364.5,美国
25,26,22,中国工商银行（INDUSTRIAL & COMMER. BANK OF CHINA),153021.3,42323.7,中国
26,27,25,安盛（AXA),149460.9,6998.9,法国
27,28,30,道达尔公司（TOTAL),149099.0,8631,法国
28,29,39,中国平安保险（集团）股份有限公司（PING AN INSURANCE),144196.8,13181.4,中国
29,30,29,本田汽车（HONDA MOTOR),138645.8,9561.3,日本
30,31,28,中国建设银行（CHINA CONSTRUCTION BANK),138594.1,35845.2,中国
31,32,54,托克集团（TRAFIGURA GROUP),136420.7,847.7,新加坡
32,33,45,雪佛龙（CHEVRON),134533.0,9195,美国
33,34,35,康德乐（CARDINAL HEALTH),129976.0,1288,美国
34,35,36,好市多（COSTCO WHOLESALE),129025.0,2679,美国
35,36,41,上海汽车集团股份有限公司（SAIC MOTOR),128819.3,5091.3,中国
36,37,32,威瑞森电信（VERIZON COMMUNICATIONS),126034.0,30101,美国
37,38,34,安联保险集团（ALLIANZ),123531.6,7668.4,德国
38,39,40,克罗格（KROGER),122662.0,1907,美国
39,40,38,中国农业银行（AGRICULTURAL BANK OF CHINA),122365.5,28550.4,中国
40,41,31,通用电气公司（GENERAL ELECTRIC),122274.0,-5786,美国
41,42,51,中国人寿保险（集团）公司（CHINA LIFE INSURANCE),120224.1,266.5,中国
42,43,37,沃博联（WALGREENS BOOTS ALLIANCE),118214.0,4078,美国
43,44,43,法国巴黎银行（BNP PARIBAS),117374.7,8746.1,法国
44,45,33,日本邮政控股公司（JAPAN POST HOLDINGS),116616.0,4157.5,日本
45,46,42,中国银行（BANK OF CHINA),115422.7,25509.2,中国
46,47,48,摩根大通公司（JPMORGAN CHASE & CO.),113899.0,24441,美国
47,48,46,房利美（FANNIE MAE),112394.0,2463,美国
48,49,63,俄罗斯天然气工业股份公司（GAZPROM),111982.6,12249.9,俄罗斯
49,50,56,英国保诚集团（PRUDENTIAL),111458.0,3076.1,英国
50,51,52,宝马集团（BMW),111231.4,9716.6,德国
51,52,65,Alphabet公司（ALPHABET),110855.0,12662,美国
52,53,47,中国移动通信集团公司（CHINA MOBILE COMMUNICATIONS),110158.5,10932,中国
53,54,44,日产汽车（NISSAN MOTOR),107868.2,6741.3,日本
54,55,50,日本电报电话公司（NIPPON TEL. & TEL.),106500.1,8210.7,日本
55,56,55,中国铁路工程总公司（CHINA RAILWAY ENGINEERING),102767.1,1169.8,中国
56,57,59,家得宝（HOME DEPOT),100904.0,8630,美国
57,58,58,中国铁道建筑总公司（CHINA RAILWAY CONSTRUCTION),100854.8,1308.8,中国
58,59,57,意大利忠利保险公司（ASSICURAZIONI GENERALI),100552.1,2378.4,意大利
59,60,62,美国银行（BANK OF AMERICA CORP.),100264.0,18232,美国
60,61,53,美国快捷药方控股公司（EXPRESS SCRIPTS HOLDING),100064.6,4517.4,美国
61,62,61,美国富国银行（WELLS FARGO),97741.0,22183,美国
62,63,102,卢克石油公司（LUKOIL),93896.6,7182.3,俄罗斯
63,64,60,波音（BOEING),93392.0,8197,美国
64,65,68,东风汽车公司（DONGFENG MOTOR),93293.8,1400,中国
65,66,66,西门子（SIEMENS),91584.7,6667.4,德国
66,67,96,Phillips 66公司（PHILLIPS 66),91568.0,5106,美国
67,68,67,家乐福（CARREFOUR),91276.3,-598.6,法国
68,69,64,雀巢公司（NESTLÉ),91221.7,7297.4,瑞士
69,70,70,Anthem公司（ANTHEM),90039.4,3842.8,美国
70,71,69,微软（MICROSOFT),89950.0,21204,美国
71,72,83,华为投资控股有限公司（HUAWEI INVESTMENT & HOLDING),89311.4,7020.8,中国
72,73,75,巴西国家石油公司（PETROBRAS),88827.0,-91,巴西
73,74,106,瓦莱罗能源公司（VALERO ENERGY),88407.0,4065,美国
74,75,76,博世集团（BOSCH GROUP),87997.2,3103.2,德国
75,76,74,花旗集团（CITIGROUP),87966.0,-6798,美国
76,77,73,西班牙国家银行（BANCO SANTANDER),87400.9,7461,西班牙
77,78,78,现代汽车（HYUNDAI MOTOR),85259.0,3567.6,韩国
78,79,71,日立（HITACHI),84558.7,3276.2,日本
79,80,79,美国康卡斯特电信公司（COMCAST),84526.0,22714,美国
80,81,77,德国电信（DEUTSCHE TELEKOM),84481.4,3901.3,德国
81,82,80,法国农业信贷银行（CRÉDIT AGRICOLE),84222.2,4113.2,法国
82,83,84,意大利国家电力公司（ENEL),84134.3,4259.7,意大利
83,84,95,SK集团（SK HOLDINGS),83543.8,1483.9,韩国
84,85,72,软银集团（SOFTBANK GROUP),82664.7,9377.5,日本
85,86,86,中国华润有限公司（CHINA RESOURCES),82184.1,3151.9,中国
86,87,115,中国海洋石油总公司（CHINA NATIONAL OFFSHORE OIL),81482.2,3018.5,中国
87,88,91,Uniper公司（UNIPER),81427.8,-739.5,德国
88,89,132,埃尼石油公司（ENI),80006.4,3803.2,意大利
89,90,88,汇丰银行控股公司（HSBC HOLDINGS),79637.0,10798,英国
90,91,103,中国交通建设集团有限公司（CHINA COMMUNICATIONS CONSTRUCTION),79416.9,1544.7,中国
91,92,81,国际商业机器公司（INTERNATIONAL BUSINESS MACHINES),79139.0,5753,美国
92,93,124,戴尔科技公司（DELL TECHNOLOGIES),78660.0,-3728,美国
93,94,82,法国电力公司（ÉLECTRICITÉ DE FRANCE),78490.3,3576.7,法国
94,95,85,州立农业保险公司（STATE FARM INSURANCE COS.),78330.8,2206.5,美国
95,96,89,太平洋建设集团（PACIFIC CONSTRUCTION GROUP),77204.5,3143.9,中国
96,97,105,索尼（SONY),77115.8,4429.8,日本
97,98,143,中国中化集团公司（SINOCHEM),76764.8,753.3,中国
98,99,127,JXTG控股有限公司（JXTG HOLDINGS),76629.0,3266.6,日本
99,100,97,强生（JOHNSON & JOHNSON),76450.0,1300,美国
100,101,276,国家能源投资集团（CHINA ENERGY INVESTMENT),75522.4,2494.9,中国
101,102,92,乐购（TESCO),75405.4,1581.8,英国
102,103,87,日本永旺集团（AEON),75338.8,220.2,日本
103,104,93,Engie集团（ENGIE),75278.8,1604,法国
104,105,94,空中客车集团（AIRBUS GROUP),75260.8,3238.5,荷兰
105,106,118,房地美（FREDDIE MAC),74676.0,5625,美国
106,107,152,墨西哥石油公司（PEMEX),73850.4,-14846.1,墨西哥
107,108,140,标致（PEUGEOT),73505.7,2174.4,法国
108,109,120,中国五矿集团公司（CHINA MINMETALS),72997.4,-210.7,中国
109,110,100,中国南方电网有限责任公司（CHINA SOUTHERN POWER GRID),72787.3,1937.9,中国
110,111,183,正威国际集团（AMER INTERNATIONAL GROUP),72766.2,1545.8,中国
111,112,126,巴斯夫公司（BASF),72677.2,6851.2,德国
112,113,119,中国邮政集团公司（CHINA POST GROUP),72197.3,4960.7,中国
113,114,110,松下（PANASONIC),72045.0,2130.4,日本
114,115,158,俄罗斯石油公司（ROSNEFT OIL),72027.9,3807.2,俄罗斯
115,116,107,塔吉特公司（TARGET),71879.0,2934,美国
116,117,114,中国人民保险集团股份有限公司（PEOPLE'S INSURANCE CO. OF CHINA),71579.1,2382,中国
117,118,165,皇家阿霍德德尔海兹集团（ROYAL AHOLD DELHAIZE),70890.6,2048.2,荷兰
118,119,117,德国邮政敦豪集团（DEUTSCHE POST DHL GROUP),70544.5,3058.1,德国
119,120,109,慕尼黑再保险集团（MUNICH RE),70143.3,422.7,德国
120,121,108,法国兴业银行（SOCIÉTÉ GÉNÉRALE),69948.2,3163,法国
121,122,136,中粮集团有限公司（COFCO),69669.1,393.5,中国
122,123,99,美国邮政（U.S. POSTAL SERVICE),69636.0,-2742,美国
123,124,137,北京汽车集团（BEIJING AUTOMOTIVE GROUP),69591.3,1554.5,中国
124,125,125,中国第一汽车集团公司（CHINA FAW GROUP),69524.4,2855.8,中国
125,126,111,日本生命保险公司（NIPPON LIFE INSURANCE),68684.2,2201.6,日本
126,127,156,安赛乐米塔尔（ARCELORMITTAL),68679.0,4568,卢森堡
127,128,122,美国劳氏公司（LOWE'S),68619.0,3447,美国
128,129,145,三菱商事株式会社（MITSUBISHI),68301.4,5056,日本
129,130,116,丸红株式会社（MARUBENI),68057.2,1906.8,日本
130,131,160,马拉松原油公司（MARATHON PETROLEUM),67610.0,3432,美国
131,132,129,天津物产集团有限公司（TEWOO GROUP),66577.4,121.9,中国
132,133,113,伊塔乌联合银行控股公司（ITAÚ UNIBANCO HOLDING),66286.6,7488.3,巴西
133,134,157,雷诺（RENAULT),66246.5,5764.6,法国
134,135,98,宝洁公司（PROCTER & GAMBLE),66217.0,15326,美国
135,136,128,大都会人寿（METLIFE),66153.0,4010,美国
136,137,168,印度石油公司（INDIAN OIL),65915.8,3442.2,印度
137,138,138,联合包裹速递服务公司（UNITED PARCEL SERVICE),65872.0,4910,美国
138,139,147,荷兰全球保险集团（AEGON),65437.1,2783.1,荷兰
139,140,135,中国兵器工业集团公司（CHINA NORTH INDUSTRIES),64646.3,857.7,中国
140,141,133,中国电信集团公司（CHINA TELECOMMUNICATIONS),63974.0,1819.9,中国
141,142,112,苏黎世保险集团（ZURICH INSURANCE GROUP),63961.0,3004,瑞士
142,143,90,英杰华集团（AVIVA),63933.6,1927.6,英国
143,144,131,百事公司（PEPSICO),63525.0,4857,美国
144,145,142,第一生命控股有限公司（DAI-ICHI LIFE),63521.6,3284.7,日本
145,146,144,英特尔公司（INTEL),62761.0,9601,美国
146,147,196,陶氏杜邦公司（DOWDUPONT),62683.0,1460,美国
147,148,203,信实工业公司（RELIANCE INDUSTRIES),62303.6,5596.3,印度
148,149,172,中国中信集团有限公司（CITIC GROUP),61316.2,3224.7,中国
149,150,207,Equinor公司（EQUINOR),61187.0,4590,挪威
150,151,104,法国BPCE银行集团（GROUPE BPCE),61127.8,3408.7,法国
151,152,134,ADM公司（ARCHER DANIELS MIDLAND),60828.0,1595,美国
152,153,150,联合利华（UNILEVER),60548.4,6823,英国/荷兰
153,154,130,安泰保险（AETNA),60535.0,1904,美国
154,155,180,联邦快递（FEDEX),60319.0,2997,美国
155,156,146,欧尚集团（AUCHAN HOLDING),60027.6,310,法国
156,157,141,艾伯森公司（ALBERTSONS COS.),59924.6,46.3,美国
157,158,149,沃达丰集团（VODAFONE GROUP),59838.2,2849.4,英国
158,159,155,联合技术公司（UNITED TECHNOLOGIES),59837.0,4552,美国
159,160,148,保德信金融集团（PRUDENTIAL FINANCIAL),59689.0,7863,美国
160,161,162,中国航空工业集团公司（AVIATION INDUSTRY CORP. OF CHINA),59262.5,363.1,中国
161,162,204,中国宝武钢铁集团（CHINA BAOWU STEEL GROUP),59255.1,21.9,中国
162,163,192,泰国国家石油有限公司（PTT),58819.0,3984.1,泰国
163,164,153,西班牙电话公司（TELEFÓNICA),58624.2,3530.4,西班牙
164,165,--,丰田通商公司（TOYOTA TSUSHO),58586.4,1175.4,日本
165,166,154,巴西布拉德斯科银行（BANCO BRADESCO),58061.8,5353.7,巴西
166,167,211,中国化工集团公司（CHEMCHINA),57989.4,-739,中国
167,168,171,交通银行（BANK OF COMMUNICATIONS),57711.4,10390.3,中国
168,169,169,瑞士罗氏公司（ROCHE GROUP),56634.2,8770.6,瑞士
169,170,206,百威英博（ANHEUSER-BUSCH INBEV),56444.0,7996,比利时
170,171,163,荷兰国际集团（ING GROUP),56347.3,6159.1,荷兰
171,172,49,英国法通保险公司（LEGAL & GENERAL GROUP),55999.4,2434.9,英国
172,173,182,路易达孚集团（LOUIS DREYFUS),55440.0,317,荷兰
173,174,179,西斯科公司（SYSCO),55371.1,1142.5,美国
174,175,151,巴西银行（BANCO DO BRASIL),55268.6,3329.8,巴西
175,176,161,华特迪士尼公司（DISNEY (WALT)),55137.0,8980,美国
176,177,164,三菱日联金融集团（MITSUBISHI UFJ FINANCIAL GROUP),54768.8,8932.5,日本
177,178,201,LG电子（LG ELECTRONICS),54314.2,1526.7,韩国
178,179,167,Seven & I 控股公司（SEVEN & I HOLDINGS),54217.1,1626.7,日本
179,180,176,美洲电信（AMÉRICA MÓVIL),54006.0,1550.2,墨西哥
180,181,261,京东集团（JD.COM),53964.5,-22.5,中国
181,182,190,中国电力建设集团有限公司（POWERCHINA),53870.1,946.7,中国
182,183,166,哈门那公司（HUMANA),53767.0,2448,美国
183,184,208,韩国浦项制铁公司（POSCO),53244.3,2438.3,韩国
184,185,159,山东魏桥创业集团有限公司（SHANDONG WEIQIAO PIONEERING),53203.0,1270,中国
185,186,185,东京电力公司（TOKYO ELECTRIC POWER),52809.1,2870.9,日本
186,187,173,辉瑞制药有限公司（PFIZER),52546.0,21308,美国
187,188,177,韩国电力公司（KOREA ELECTRIC POWER),52491.5,1148.9,韩国
188,189,121,英国劳埃德银行集团（LLOYDS BANKING GROUP),52422.4,4901.9,英国
189,190,194,惠普公司（HP),52056.0,2526,美国
190,191,184,马来西亚国家石油公司（PETRONAS),52027.7,8761.9,马来西亚
191,192,202,日本三井住友金融集团（SUMITOMO MITSUI FINANCIAL GROUP),52026.0,6628.2,日本
192,193,174,拜耳集团（BAYER),51933.1,8269.3,德国
193,194,199,中国医药集团（SINOPHARM),51844.4,690.1,中国
194,195,198,西农（WESFARMERS),51599.7,2165.9,澳大利亚
195,196,197,Finatis公司（FINATIS),51578.0,-66.5,法国
196,197,--,印度石油天然气公司（OIL & NATURAL GAS),51219.3,3429.3,印度
197,198,228,新日铁住金（NIPPON STEEL & SUMITOMO METAL),51163.9,1760.6,日本
198,199,191,巴西JBS公司（JBS),51117.6,167.4,巴西
199,200,178,洛克希德－马丁（LOCKHEED MARTIN),51048.0,2002,美国
200,201,200,法国国家人寿保险公司（CNP ASSURANCES),50737.4,1447.9,法国
201,202,238,广州汽车工业集团（GUANGZHOU AUTOMOBILE INDUSTRY GROUP),50322.7,989.2,中国
202,203,186,诺华公司（NOVARTIS),50135.0,7703,瑞士
203,204,215,日本伊藤忠商事株式会社（ITOCHU),49732.4,3613.3,日本
204,205,232,俄罗斯联邦储蓄银行（SBERBANK),49697.5,12869,俄罗斯
205,206,213,德国大陆集团（CONTINENTAL),49608.2,3364.3,德国
206,207,175,美国国际集团（AMERICAN INTERNATIONAL GROUP),49520.0,-6084,美国
207,208,234,迪奥（DIOR (CHRISTIAN)),49221.0,2525,法国
208,209,193,东京海上日动火灾保险公司（TOKIO MARINE HOLDINGS),48731.0,2565,日本
209,210,244,Centene公司（CENTENE),48572.0,828,美国
210,211,212,德国联邦铁路公司（DEUTSCHE BAHN),48124.2,839.8,德国
211,212,187,思科公司（CISCO SYSTEMS),48005.0,9609,美国
212,213,216,招商银行（CHINA MERCHANTS BANK),47950.7,10379.4,中国
213,214,195,莱茵集团（RWE),47832.3,2189.1,德国
214,215,214,HCA 医疗保健公司（HCA HEALTHCARE),47653.0,2216,美国
215,216,217,印度国家银行（STATE BANK OF INDIA),47551.1,-706.8,印度
216,217,275,Energy Transfer Equity公司（ENERGY TRANSFER EQUITY),47487.0,954,美国
217,218,224,蒂森克虏伯（THYSSENKRUPP),47388.6,-715.7,德国
218,219,209,起亚汽车（KIA MOTORS),47360.3,856.4,韩国
219,220,252,中国太平洋保险（集团）股份有限公司（CHINA PACIFIC INSURANCE),47318.8,2169.4,中国
220,221,188,MS&AD保险集团控股有限公司（MS&AD INSURANCE),47094.9,1390.5,日本
221,222,248,中国铝业公司（ALUMINUM CORP. OF CHINA),46683.5,-428.6,中国
222,223,189,德意志银行（DEUTSCHE BANK),46511.2,-846.5,德国
223,224,223,西班牙对外银行（BANCO BILBAO VIZCAYA ARGENTARIA),46507.8,3966.7,西班牙
224,225,210,Orange公司（ORANGE),46324.1,2148.5,法国
225,226,227,万喜集团（VINCI),46301.5,3096.5,法国
226,227,245,上海浦东发展银行股份有限公司（SHANGHAI PUDONG DEVEL. BANK),46295.2,8138.1,中国
227,228,218,伍尔沃斯集团（WOOLWORTHS GROUP),46178.9,1156.1,澳大利亚
228,229,236,电装公司（DENSO),46106.1,2893.3,日本
229,230,338,中国恒大集团（CHINA EVERGRANDE GROUP),46018.6,3606.1,中国
230,231,225,圣戈班集团（SAINT-GOBAIN),46001.7,1765.2,法国
231,232,247,印度塔塔汽车公司（TATA MOTORS),45841.7,1394.4,印度
232,233,229,邦吉公司（BUNGE),45794.0,160,美国
233,234,372,山东能源集团有限公司（SHANDONG ENERGY GROUP),45649.5,489.3,中国
234,235,268,恒力集团（HENGLI GROUP),45562.8,1016,中国
235,236,219,日本KDDI电信公司（KDDI),45507.6,5167.5,日本
236,237,230,兴业银行（INDUSTRIAL BANK),45491.0,8463.3,中国
237,238,264,卡特彼勒（CATERPILLAR),45462.0,754,美国
238,239,221,河钢集团（HBIS GROUP),45390.2,-119.2,中国
239,240,226,联想集团（LENOVO GROUP),45349.9,-189.3,中国
240,241,250,宏利金融（MANULIFE FINANCIAL),44941.1,1621.2,加拿大
241,242,101,中国兵器装备集团公司（CHINA SOUTH INDUSTRIES GROUP),44785.4,739.6,中国
242,243,259,中国建材集团（CHINA NATIONAL BLDG. MATERIAL GROUP),44701.2,15.2,中国
243,244,246,韩华集团（HANWHA),44590.3,358.6,韩国
244,245,233,中国船舶重工集团公司（CHINA SHIPBUILDING INDUSTRY),44431.0,716.3,中国
245,246,249,三井物产株式会社（MITSUI),44155.3,3777.1,日本
246,247,254,美国全国保险公司（NATIONWIDE),43939.9,246.5,美国
247,248,239,丰益国际（WILMAR INTERNATIONAL),43846.3,1219.3,新加坡
248,249,267,摩根士丹利（MORGAN STANLEY),43642.0,6111,美国
249,250,282,住友商事（SUMITOMO),43570.2,2784.6,日本
250,251,251,中国民生银行（CHINA MINSHENG BANKING),43297.5,7370.3,中国
251,252,277,绿地控股集团有限公司（GREENLAND HOLDING GROUP),42970.1,1337.2,中国
252,253,289,印尼国家石油公司（PERTAMINA),42959.3,2540.2,印度尼西亚
253,254,231,意昂集团（E.ON),42794.7,4424.3,德国
254,255,265,美国利宝互助保险集团（LIBERTY MUTUAL INSURANCE GROUP),42687.0,17,美国
255,256,334,中国机械工业集团有限公司（SINOMACH),42638.1,471.8,中国
256,257,220,瑞士再保险股份有限公司（SWISS RE),42487.0,398,瑞士
257,258,243,美国纽约人寿保险公司（NEW YORK LIFE INSURANCE),42296.0,1866.9,美国
258,259,271,高盛（GOLDMAN SACHS GROUP),42254.0,4286,美国
259,260,253,美国航空集团（AMERICAN AIRLINES GROUP),42207.0,1919,美国
260,261,258,百思买（BEST BUY),42151.0,1000,美国
261,262,306,雷普索尔公司（REPSOL),41862.5,2390.8,西班牙
262,263,256,信诺（CIGNA),41616.0,2237,美国
263,264,376,特许通讯公司（CHARTER COMMUNICATIONS),41581.0,9895,美国
264,265,269,南苏格兰电力（SSE),41382.8,1088.8,英国
265,266,257,达美航空（DELTA AIR LINES),41244.0,3577,美国
266,267,343,浙江吉利控股集团（ZHEJIANG GEELY HOLDING GROUP),41171.9,1820.3,中国
267,268,263,采埃孚（ZF FRIEDRICHSHAFEN),41080.2,1221.9,德国
268,269,--,麦德龙（METRO),40957.2,358.4,德国
269,270,348,物产中大集团（WUCHAN ZHONGDA GROUP),40928.6,330.7,中国
270,271,240,赛诺菲（SANOFI),40809.7,9506.9,法国
271,272,441,布鲁克菲尔德资产管理公司（BROOKFIELD ASSET MANAGEMENT),40786.0,1462,加拿大
272,273,241,中国联合网络通信股份有限公司（CHINA UNITED NETWORK COMMUNICATIONS),40663.5,63,中国
273,274,393,Facebook公司（FACEBOOK),40653.0,15934,美国
274,275,260,霍尼韦尔国际公司（HONEYWELL INTERNATIONAL),40534.0,1655,美国
275,276,255,默沙东（MERCK),40122.0,2394,美国
276,277,303,汉莎集团（LUFTHANSA GROUP),40105.2,2664.7,德国
277,278,316,力拓集团（RIO TINTO GROUP),40030.0,8762,英国
278,279,262,三菱电机股份有限公司（MITSUBISHI ELECTRIC),39994.9,2453.9,日本
279,280,--,招商局集团（CHINA MERCHANTS GROUP),39970.8,4039.4,中国
280,281,299,沙特基础工业公司（SABIC),39939.1,4914.9,沙特阿拉伯
281,282,266,加拿大鲍尔集团（POWER CORP. OF CANADA),39493.2,1031,加拿大
282,283,279,怡和集团（JARDINE MATHESON),39456.0,3785,中国
283,284,281,西班牙ACS集团（ACS),39337.8,904,西班牙
284,285,296,和硕（PEGATRON),39237.6,482.6,中国
285,286,301,沃尔沃集团（VOLVO),39171.9,2455.2,瑞典
286,287,290,麦格纳国际（MAGNA INTERNATIONAL),38946.0,2206,加拿大
287,288,326,陕西延长石油（集团）有限责任公司（SHAANXI YANCHANG PETROLEUM),38897.8,166.8,中国
288,289,274,中国华能集团公司（CHINA HUANENG GROUP),38872.0,215.6,中国
289,290,273,英国葛兰素史克公司（GLAXOSMITHKLINE),38867.8,1972.6,英国
290,291,302,Talanx公司（TALANX),38602.6,757.5,德国
291,292,304,加拿大皇家银行（ROYAL BANK OF CANADA),38551.2,8735.6,加拿大
292,293,288,好事达（ALLSTATE),38524.0,3189,美国
293,294,337,陕西煤业化工集团（SHAANXI COAL & CHEMICAL INDUSTRY),38482.6,73.6,中国
294,295,383,友邦保险集团（AIA GROUP),38330.0,6120,中国
295,296,350,必和必拓（BHP BILLITON),38285.0,5890,澳大利亚
296,297,283,泰森食品（TYSON FOODS),38260.0,1774,美国
297,298,335,费森尤斯集团（FRESENIUS),38196.8,2044.8,德国
298,299,311,Alimentation Couche-Tard公司（ALIMENTATION COUCHE-TARD),37904.5,1208.9,加拿大
299,300,462,阿里巴巴集团（ALIBABA GROUP HOLDING),37770.8,9673.1,中国
300,301,287,美国联合大陆控股有限公司（UNITED CONTINENTAL HOLDINGS),37736.0,2131,美国
301,302,280,甲骨文公司（ORACLE),37728.0,9335,美国
302,303,310,森宝利（SAINSBURY (J.)),37711.3,409.5,英国
303,304,285,意大利邮政集团（POSTE ITALIANE),37695.2,776.7,意大利
304,305,298,马士基集团（MAERSK GROUP),37500.0,-1205,丹麦
305,306,291,瑞银集团（UBS GROUP),37317.3,1069.8,瑞士
306,307,300,法国布伊格集团（BOUYGUES),37259.0,1223,法国
307,308,293,乔治威斯顿公司（WESTON (GEORGE)),37211.6,584.9,加拿大
308,309,297,日本明治安田生命保险公司（MEIJI YASUDA LIFE INSURANCE),37159.7,2392.2,日本
309,310,309,德国艾德卡公司（EDEKA ZENTRALE),37125.4,345,德国
310,311,294,日本三菱重工业股份有限公司（MITSUBISHI HEAVY INDUSTRIES),37103.2,636.2,日本
311,312,341,中国保利集团（CHINA POLY GROUP),37001.9,1152.6,中国
312,313,237,富士通（FUJITSU),36990.9,1528.4,日本
313,314,360,巴拉特石油公司（BHARAT PETROLEUM),36851.1,1397.5,印度
314,315,412,Tech Data公司（TECH DATA),36775.0,116.6,美国
315,316,305,埃森哲（ACCENTURE),36765.5,3445.1,爱尔兰
316,317,347,佳能（CANON),36388.4,2157.6,日本
317,318,286,英国森特理克集团（CENTRICA),36082.7,428.8,英国
318,319,278,美国教师退休基金会（TIAA),36025.3,1049.7,美国
319,320,317,法国国家铁路公司（SNCF),35880.4,1280.5,法国
320,321,321,TJX公司（TJX),35864.7,2607.9,美国
321,322,329,中国光大集团（CHINA EVERBRIGHT GROUP),35840.2,1895.1,中国
322,323,450,美的集团股份有限公司（MIDEA GROUP),35794.2,2557.3,中国
323,324,292,意大利联合圣保罗银行（INTESA SANPAOLO),35751.9,8246.7,意大利
324,325,370,巴西淡水河谷公司（VALE),35713.0,5507,巴西
325,326,--,东芝（TOSHIBA),35630.0,7256.8,日本
326,327,315,美国运通公司（AMERICAN EXPRESS),35583.0,2736,美国
327,328,235,可口可乐公司（COCA-COLA),35410.0,1248,美国
328,329,324,爱信精机（AISIN SEIKI),35281.1,1214.4,日本
329,330,332,Iberdrola公司（IBERDROLA),35240.4,3160.7,西班牙
330,331,478,腾讯控股有限公司（TENCENT HOLDINGS),35178.8,10580.6,中国
331,332,307,万科企业股份有限公司（CHINA VANKE),35117.4,4150.5,中国
332,333,312,中国能源建设集团有限公司（CHINA ENERGY ENGINEERING),35048.3,371.7,中国
333,334,308,大众超级市场公司（PUBLIX SUPER MARKETS),34836.8,2291.9,美国
334,335,366,中国远洋海运集团有限公司（CHINA COSCO SHIPPING),34667.8,1404.3,中国
335,336,284,巴克莱（BARCLAYS),34506.6,-1652,英国
336,337,351,多伦多道明银行（TORONTO-DOMINION BANK),34500.6,7946.7,加拿大
337,338,374,利安德巴塞尔工业公司（LYONDELLBASELL INDUSTRIES),34484.0,4879,荷兰
338,339,205,来宝集团（NOBLE GROUP),34420.8,-4938.2,中国
339,340,331,耐克公司（NIKE),34350.0,4240,美国
340,341,314,瑞士ABB集团（ABB),34312.0,2213,瑞士
341,342,330,大和房建（DAIWA HOUSE INDUSTRY),34261.7,2133.3,日本
342,343,336,中国航天科技集团公司（CHINA AEROSPACE SCIENCE & TECHNOLOGY),34253.6,2225.2,中国
343,344,453,Andeavor公司（ANDEAVOR),34204.0,1528,美国
344,345,416,Enbridge公司（ENBRIDGE),34195.7,2203,加拿大
345,346,355,中国航天科工集团公司（CHINA AEROSPACE SCIENCE & INDUSTRY),34073.0,1607.1,中国
346,347,340,损保控股有限公司（SOMPO HOLDINGS),34027.5,1262,日本
347,348,373,铃木汽车（SUZUKI MOTOR),33911.7,1947.1,日本
348,349,333,澳洲联邦银行（COMMONWEALTH BANK),33886.9,7484.7,澳大利亚
349,350,242,住友生命保险公司（SUMITOMO LIFE INSURANCE),33820.7,630.3,日本
350,351,402,全球燃料服务公司（WORLD FUEL SERVICES),33695.5,-170.2,美国
351,352,349,三菱化学控股（MITSUBISHI CHEMICAL HOLDINGS),33615.5,1911.5,日本
352,353,467,碧桂园控股有限公司（COUNTRY GARDEN HOLDINGS),33572.0,3856.3,中国
353,354,390,广达电脑公司（QUANTA COMPUTER),33563.8,472.2,中国
354,355,327,德国中央合作银行（DZ BANK),33562.8,1078.7,德国
355,356,344,Exelon公司（EXELON),33531.0,3770,美国
356,357,270,万通互惠理财（MASSACHUSETTS MUTUAL LIFE),33495.4,513,美国
357,358,356,日本钢铁工程控股公司（JFE HOLDINGS),33202.2,1305.5,日本
358,359,320,冀中能源集团（JIZHONG ENERGY GROUP),33187.8,-141.5,中国
359,360,494,厦门国贸控股集团有限公司（XIAMEN ITG HOLDING GROUP),32901.6,106.3,中国
360,361,--,雪松控股集团（CEDAR HOLDINGS GROUP),32711.5,1068.1,中国
361,362,488,厦门建发集团有限公司（XIAMEN C&D),32588.4,305.1,中国
362,363,444,康菲石油公司（CONOCOPHILLIPS),32584.0,-855,美国
363,364,365,江苏沙钢集团（JIANGSU SHAGANG GROUP),32560.5,1061.8,中国
364,365,353,普利司通（BRIDGESTONE),32494.6,2571,日本
365,366,342,安达保险公司（CHUBB),32243.0,3861,瑞士
366,367,357,日本瑞穗金融集团（MIZUHO FINANCIAL GROUP),32141.8,5203.8,日本
367,368,369,台积电（TAIWAN SEMICONDUCTOR),32126.4,11339.3,中国
368,369,362,中国电子信息产业集团有限公司（CHINA ELECTRONICS),31990.4,166.8,中国
369,370,339,江西铜业集团公司（JIANGXI COPPER),31964.1,113.5,中国
370,371,439,中国航空油料集团公司（CHINA NATIONAL AVIATION FUEL GROUP),31942.2,401.6,中国
371,372,359,CHS公司（CHS),31934.8,127.9,美国
372,373,354,瑞士信贷（CREDIT SUISSE GROUP),31900.3,-998.7,瑞士
373,374,319,长江和记实业有限公司（CK HUTCHISON HOLDINGS),31892.4,4504.5,中国
374,375,--,象屿集团（XIAMEN XIANGYU GROUP),31676.4,147.2,中国
375,376,361,3M公司（3M),31657.0,4858,美国
376,377,346,英国电信集团（BT GROUP),31438.9,2692.9,英国
377,378,367,马自达汽车株式会社（MAZDA MOTOR),31355.7,1011.4,日本
378,379,371,时代华纳（TIME WARNER),31271.0,5247,美国
379,380,323,现代摩比斯公司（HYUNDAI MOBIS),31090.6,1387.3,韩国
380,381,322,新兴际华集团（XINXING CATHAY INTERNATIONAL),31078.2,440,中国
381,382,363,CRH公司（CRH),31069.4,2136.1,爱尔兰
382,383,345,通用动力（GENERAL DYNAMICS),30973.0,2912,美国
383,384,352,斯巴鲁公司（SUBARU),30734.7,1988.9,日本
384,385,318,中国中车股份有限公司（CRRC),30634.1,1597.7,中国
385,386,388,斯伦贝谢公司（SCHLUMBERGER),30440.0,-1505,美国
386,387,325,来德爱（RITE AID),30215.4,943.5,美国
387,388,400,中国电子科技集团公司（CHINA ELECTRONICS TECHNOLOGY GROUP),30175.5,1774.3,中国
388,389,272,江森自控国际公司（JOHNSON CONTROLS INTERNATIONAL),30172.0,1611,爱尔兰
389,390,401,联合服务汽车协会（UNITED SERVICES AUTO. ASSN.),30015.8,2421.9,美国
390,391,395,第一资本金融公司（CAPITAL ONE FINANCIAL),29999.0,1982,美国
391,392,379,欧莱雅（L'ORÉAL),29925.8,4037,法国
392,393,364,中国船舶工业集团公司（CHINA STATE SHIPBUILDING),29796.9,370.8,中国
393,394,407,迪尔公司（DEERE),29737.7,2159.1,美国
394,395,368,国家电力投资集团公司（STATE POWER INVESTMENT),29726.5,198.6,中国
395,396,377,美敦力公司（MEDTRONIC),29710.0,4028,爱尔兰
396,397,382,中国华电集团公司（CHINA HUADIAN),29611.8,333.3,中国
397,398,423,日本出光兴产株式会社（IDEMITSU KOSAN),29605.5,1464.9,日本
398,399,--,兖矿集团（YANKUANG GROUP),29473.5,-280.1,中国
399,400,--,国际资产控股公司（INTL FCSTONE),29423.6,6.4,美国
400,401,378,西北互助人寿保险公司（NORTHWESTERN MUTUAL),29331.0,1017,美国
401,402,328,联合信贷集团（UNICREDIT GROUP),29257.2,6169.3,意大利
402,403,469,Enterprise Products公司（ENTERPRISE PRODUCTS),29241.5,2799.3,美国
403,404,458,仁宝电脑（COMPAL ELECTRONICS),29175.2,189,中国
404,405,295,Rajesh Exports公司（RAJESH EXPORTS),29124.9,196.4,印度
405,406,386,法国航空－荷兰皇家航空集团（AIR FRANCE-KLM GROUP),29064.1,-308.9,法国
406,407,394,Travelers Cos.公司（TRAVELERS COS.),28902.0,2056,美国
407,408,428,Inditex公司（INDITEX),28887.2,3840.1,西班牙
408,409,181,慧与公司（HEWLETT PACKARD ENTERPRISE),28871.0,344,美国
409,410,411,国泰人寿保险股份有限公司（CATHAY LIFE INSURANCE),28804.5,1192.8,中国
410,411,406,菲利普－莫里斯国际公司（PHILIP MORRIS INTERNATIONAL),28748.0,6035,美国
411,412,392,Coop集团（COOP GROUP),28600.6,492.7,瑞士
412,413,387,康帕斯集团（COMPASS GROUP),28577.6,1470.2,英国
413,414,391,西太平洋银行（WESTPAC BANKING),28564.5,6083.2,澳大利亚
414,415,385,Migros集团（MIGROS GROUP),28518.3,524.2,瑞士
415,416,396,二十一世纪福克斯（TWENTY-FIRST CENTURY FOX),28500.0,2952,美国
416,417,403,菲尼克斯医药公司（PHOENIX PHARMA),28401.3,184.4,德国
417,418,381,Medipal控股公司（MEDIPAL HOLDINGS),28397.8,313.9,日本
418,419,404,法国威立雅环境集团（VEOLIA ENVIRONNEMENT),28320.8,452.7,法国
419,420,389,关西电力（KANSAI ELECTRIC POWER),28283.4,1370.8,日本
420,421,413,三星人寿保险（SAMSUNG LIFE INSURANCE),28272.5,1031.6,韩国
421,422,429,艾伯维（ABBVIE),28216.0,5309,美国
422,423,375,荷兰皇家飞利浦公司（ROYAL PHILIPS),28071.1,1867.8,荷兰
423,424,399,施耐德电气（SCHNEIDER ELECTRIC),27890.7,2423.5,法国
424,425,420,住友电工（SUMITOMO ELECTRIC INDUSTRIES),27819.6,1086.1,日本
425,426,446,达能（DANONE),27816.3,2765.1,法国
426,427,485,苏宁易购集团（SUNING.COM GROUP),27805.7,623.3,中国
427,428,--,鞍钢集团公司（ANSTEEL GROUP),27792.0,61.1,中国
428,429,417,西班牙天然气公司（GAS NATURAL FENOSA),27652.9,1533,西班牙
429,430,424,加拿大丰业银行（BANK OF NOVA SCOTIA),27554.5,6119.1,加拿大
430,431,--,首钢集团（SHOUGANG GROUP),27488.7,0.9,中国
431,432,--,纬创集团（WISTRON),27480.0,127.7,中国
432,433,--,雅培公司（ABBOTT LABORATORIES),27390.0,477,美国
433,434,427,法国邮政（LA POSTE),27177.2,959.3,法国
434,435,463,KOC集团（KOÇ HOLDING),27108.4,1345.9,土耳其
435,436,--,台湾中油股份有限公司（CPC),27105.5,1324.9,中国
436,437,464,前进保险公司（PROGRESSIVE),26839.0,1592.2,美国
437,438,486,GS加德士（GS CALTEX),26821.2,1272.2,韩国
438,439,426,曼福集团（MAPFRE GROUP),26817.2,789.6,西班牙
439,440,456,艾睿电子（ARROW ELECTRONICS),26812.5,402,美国
440,441,434,德科集团（ADECCO GROUP),26669.9,888.2,瑞士
441,442,--,SK海力士公司（SK HYNIX),26636.3,9414,韩国
442,443,408,东日本旅客铁道株式会社（EAST JAPAN RAILWAY),26627.4,2608.1,日本
443,444,398,拉法基豪瑞集团（LAFARGEHOLCIM),26545.3,-1701.7,瑞士
444,445,473,Altice公司（ALTICE),26489.3,-615.5,荷兰
445,446,443,SAP公司（SAP),26445.6,4529.2,德国
446,447,474,Onex公司（ONEX),26290.0,2394,加拿大
447,448,418,澳新银行集团（AUSTRALIA & NEW ZEAL. BNKG.),26282.7,4877.2,澳大利亚
448,449,--,英美资源集团（ANGLO AMERICAN),26243.0,3166,英国
449,450,477,任仕达控股公司（RANDSTAD HOLDING),26233.5,711.7,荷兰
450,451,410,卡夫亨氏公司（KRAFT HEINZ),26232.0,10999,美国
451,452,--,Plains GP Holdings公司（PLAINS GP HOLDINGS),26223.0,-731,美国
452,453,--,英美烟草集团（BRITISH AMERICAN TOBACCO),26128.2,48327.8,英国
453,454,--,CFE公司（CFE),26108.3,5704.4,墨西哥
454,455,358,Gilead Sciences公司（GILEAD SCIENCES),26107.0,4628,美国
455,456,495,新疆广汇实业投资（集团）有限责任公司（XINJIANG GUANGHUI INDUSTRY),26106.0,32.5,中国
456,457,415,诺基亚（NOKIA),26091.7,-1684.1,芬兰
457,458,447,三星C&T公司（SAMSUNG C&T),25901.7,566,韩国
458,459,421,亿滋国际（MONDELEZ INTERNATIONAL),25896.0,2922,美国
459,460,435,国际航空集团（INTERNATIONAL AIRLINES GROUP),25894.4,2255.6,英国
460,461,440,美国诺斯洛普格拉曼公司（NORTHROP GRUMMAN),25803.0,2015,美国
461,462,451,日本中部电力（CHUBU ELECTRIC POWER),25753.2,671.3,日本
462,463,437,日本电气公司（NEC),25673.3,414,日本
463,464,459,阳光龙净集团有限公司（YANGO LONGKING GROUP),25605.1,452.5,中国
464,465,--,中国太平保险集团有限责任公司（CHINA TAIPING INSURANCE GROUP),25597.5,449.2,中国
465,466,455,伟创力公司（FLEX),25441.3,428.5,新加坡
466,467,449,雷神公司（RAYTHEON),25348.0,2024,美国
467,468,454,中国大唐集团公司（CHINA DATANG),25299.2,341.7,中国
468,469,--,波兰国营石油公司（PKN ORLEN GROUP),25256.1,1762.5,波兰
469,470,487,Ultrapar控股公司（ULTRAPAR HOLDINGS),25064.6,493.2,巴西
470,471,--,KB金融集团（KB FINANCIAL GROUP),25052.4,2929.5,韩国
471,472,409,Achmea公司（ACHMEA),24872.0,242.4,荷兰
472,473,425,梅西百货（MACY'S),24837.0,1547,美国
473,474,480,阿联酋航空集团（EMIRATES GROUP),24836.9,761.2,阿拉伯联合酋长国
474,475,468,喜力控股公司（HEINEKEN HOLDING),24831.4,1101.3,荷兰
475,476,--,森科能源公司（SUNCOR ENERGY),24793.4,3435.1,加拿大
476,477,--,巴登-符滕堡州能源公司（ENERGIE BADEN-WÜRTTEMBERG),24769.4,2315.4,德国
477,478,466,米其林公司（MICHELIN),24753.7,1916.3,法国
478,479,--,富邦金融控股股份有限公司（FUBON FINANCIAL HOLDING),24688.3,1778.9,中国
479,480,--,阿迪达斯集团（ADIDAS),24669.1,1236.6,德国
480,481,476,山西晋城无烟煤矿业集团有限责任公司（SHANXI JINCHENG ANTHRACITE COAL MINING),24658.7,57.3,中国
481,482,457,贺利氏控股集团（HERAEUS HOLDING),24622.3,-,德国
482,483,479,LG DISPLAY公司（LG DISPLAY),24584.6,1594.8,韩国
483,484,--,DXC Technology公司（DXC TECHNOLOGY),24556.0,1751,美国
484,485,405,澳大利亚国民银行（NATIONAL AUSTRALIA BANK),24549.8,4023.8,澳大利亚
485,486,123,Ceconomy公司（CECONOMY),24432.1,1215.3,德国
486,487,--,Fomento Económico Mexicano公司（FOMENTO ECONÓMICO MEXICANO),24340.8,2241.8,墨西哥
487,488,475,US Foods Holding公司（US FOODS HOLDING),24147.2,444.3,美国
488,489,--,泰康保险集团（TAIKANG INSURANCE GROUP),24058.3,1683.2,中国
489,490,481,美国合众银行（U.S. BANCORP),23996.0,6218,美国
490,491,--,德国勃林格殷格翰公司（BOEHRINGER INGELHEIM),23888.0,-258.1,德国
491,492,472,荷兰合作银行（RABOBANK),23812.4,1701,荷兰
492,493,--,CJ集团（CJ CORP.),23795.8,410.2,韩国
493,494,445,山西阳泉煤业(集团)有限责任公司（YANGQUAN COAL INDUSTRY GROUP),23792.8,-117.1,中国
494,495,448,潞安集团（SHANXI LUAN MINING GROUP),23784.5,0.5,中国
495,496,--,河南能源化工集团（HENAN ENERGY & CHEMICAL),23699.4,-68.6,中国
496,497,430,大同煤矿集团有限责任公司（DATONG COAL MINE GROUP),23697.5,66.8,中国
497,498,452,BAE系统公司（BAE SYSTEMS),23591.6,1099.6,英国
498,499,--,青岛海尔（QINGDAO HAIER),23563.2,1024.7,中国
499,500,419,爱立信公司（ERICSSON),23556.3,-4119.8,瑞典
